jgw_id,char,unicode,pua,otf_wh,jgw_wh,log_wh_diff,status_wh
1,安,5B89,U+E22E,0.66,0.64,0.013363961557981502,OK
2,八,516B,U+E03A,1.06,1.0,0.02530586526477026,OK
3,巴,5DF4,U+E4B0,0.53,0.55,0.016086819893454805,OK
4,癹,,,,,,SEVERE
5,霸,9738,U+E45D,0.63,0.55,0.0589778599593378,OK
6,白,767D,U+E248,0.69,0.78,0.053245511953225154,OK
7,百,767E,U+E10E,0.68,0.7,0.012589127308020467,OK
8,柏,67CF,U+E1B2,0.37,0.36,0.011899223299707783,OK
9,敗,6557,U+E0F2,0.62,0.56,0.044203662492053396,OK
10,般,822C,U+E280,0.59,0.59,0.0,OK
11,伴ban,,,,,,SEVERE
12,邦,90A6,U+E1EC,0.44,0.38,0.0636690798693773,OK
13,勹,52F9,U+E29F,0.46,0.43,0.029289376101987598,OK
14,保,4FDD,U+E24B,0.47,0.45,0.01888534416037372,OK
15,寳,5BF3,U+E22F,0.61,0.62,0.007061854487486835,OK
16,勽,52FD,U+E2A1,0.62,0.58,0.028963695935316648,OK
17,報,5831,U+E2F9,0.68,0.68,0.0,OK
18,卑,5351,U+E434,0.45,0.35,0.10914446942506807,OK
19,北,5317,U+E26D,0.71,0.73,0.012064511401380614,OK
20,貝,8C9D,U+E1E2,0.67,0.65,0.013161446057970908,OK
21,备bei,,,,,,SEVERE
22,狽,72FD,U+E2DC,0.44,0.41,0.030668819766451964,OK
23,誖,8A96,U+E0A4,0.67,0.65,0.013161446057970908,OK
24,皀,7680,U+E182,0.57,0.59,0.014977155969652801,OK
25,鼻,9F3B,U+E43A,0.39,0.37,0.02286288295950426,OK
26,匕,5315,U+E268,0.33,0.59,0.25233807176425666,OK_LOOSE
27,比,6BD4,U+E26C,0.64,0.39,0.21511536695738795,OK_LOOSE
28,妣,59A3,U+E36D,0.27,0.3,0.04575749056067506,OK
29,啚,555A,U+E1A1,0.59,0.7,0.07424602837211264,OK
30,鄙,9119,U+E1ED,0.55,0.24,0.36015144778263786,WARN
31,币,5E01,U+E1D3,0.62,0.54,0.05999792967528537,OK
32,必,5FC5,U+E041,0.57,0.65,0.05703850097036423,OK
33,畀,7540,U+E0AD,0.97,0.59,0.21591972262410067,OK_LOOSE
34,婢,5A62,U+E372,0.62,0.92,0.1713961378473014,OK_LOOSE
35,敝,655D,U+E249,0.77,0.63,0.0871501757189002,OK
36,辟,8F9F,U+E29E,0.76,0.77,0.005677132891690521,OK
37,避,907F,U+E082,0.64,0.78,0.08591462870659325,OK
38,編,7DE8,U+E3B6,0.67,0.61,0.04074496769005944,OK
39,豩,8C69,U+E2B8,0.8,0.64,0.09691001300805642,OK
40,賓,8CD3,U+E1E5,0.53,0.77,0.16221485557169282,OK_LOOSE
41,儐,5110,U+E254,0.58,0.44,0.11997531707674983,OK
42,冰,51B0,U+E33C,0.78,0.57,0.13621974701798908,OK
43,兵,5175,U+E0B1,0.44,0.8,0.2596373105057562,OK_LOOSE
44,掤,63A4,U+E362,0.52,0.44,0.07255066714861175,OK
45,丙,4E19,U+E403,0.72,0.52,0.1413291527964693,OK
46,秉,79C9,U+E0CE,0.51,0.65,0.10534318054491922,OK
47,柄,67C4,U+E1C0,0.59,0.48,0.089610774266557,OK
48,并,5E76,U+E26B,0.51,0.56,0.04061785090826406,OK
49,竝,7ADD,U+E301,0.64,0.54,0.07378621416091864,OK
50,剥,5265,U+E147,0.47,0.91,0.2869435343853762,OK_LOOSE
51,伯,4F2F,U+E24E,0.71,0.46,0.18850051703750115,OK_LOOSE
52,帛,5E1B,U+E247,0.53,0.63,0.07506467985279265,OK
53,泊,6CCA,U+E48B,0.71,0.48,0.1700171113434881,OK_LOOSE
54,亳,4EB3,U+E197,0.49,0.68,0.14231283267772274,OK
55,搏,640F,U+E35D,0.66,0.48,0.13830269816628152,OK
56,駁,99C1,U+E2C1,0.68,0.71,0.01874943601283889,OK
57,豰,8C70,U+E2B5,0.48,0.69,0.1576078533616681,OK_LOOSE
58,卜,535C,U+E0FB,0.6,0.42,0.1549019599857432,OK_LOOSE
59,不,4E0D,U+E34E,0.56,0.48,0.06694678963061322,OK
60,步,6B65,U+E068,0.83,0.56,0.17089006536987345,OK_LOOSE
61,才,624D,U+E1CF,0.63,0.89,0.15004945719133111,OK_LOOSE
62,采,91C7,U+E1C4,0.44,0.62,0.1489390130120664,OK
63,蔡,8521,U+E02B,0.62,0.43,0.1589232339186674,OK_LOOSE
64,湌,6E4C,U+E48A,0.49,0.58,0.07323191353442361,OK
65,餐qian,,,,,,SEVERE
66,倉,5009,U+E18F,0.49,0.4,0.08813608870055123,OK
67,曹cao,,,,,,SEVERE
68,册,518C,U+E08F,0.84,0.5,0.22530928172586284,OK_LOOSE
69,長,9577,U+E2AF,0.48,0.46,0.018483405694013133,OK
70,厂,5382,U+E2AC,0.73,0.6,0.08517160973681231,OK
71,鬯,9B2F,U+E186,0.55,0.94,0.23276516410545472,OK_LOOSE
72,漅,6F05,U+E45B,0.57,0.85,0.17354407004180136,OK_LOOSE
73,車,8ECA,U+E3E9,0.69,0.59,0.06799707909511113,OK
74,屮,5C6E,U+E025,0.51,0.73,0.15575268402251952,OK_LOOSE
75,徹che,,,,,,SEVERE
76,臣,81E3,U+E0DC,0.51,0.68,0.12493873660829995,OK
77,沉,6C89,U+E310,0.61,0.5,0.08635983067474821,OK
78,辰,8FB0,U+E416,0.68,0.53,0.10823304310544725,OK
79,晨chen,,,,,,SEVERE
80,爯,722F,U+E130,0.54,0.52,0.016390416188169384,OK
81,偁,5041,U+E257,0.66,0.45,0.16633142176652502,OK_LOOSE
82,瞠yin,,,,,,SEVERE
83,丞,4E1E,U+E0AC,0.62,0.68,0.04011722320798245,OK
84,成,6210,U+E406,0.36,0.27,0.12493873660829993,OK
85,呈,5448,U+E425,0.51,0.69,0.1312789146393189,OK
86,乘,4E58,U+E1AC,0.45,0.54,0.07918124604762487,OK
87,持xun,,,,,,SEVERE
88,齒,9F52,U+E089,0.88,0.59,0.17363066050802445,OK_LOOSE
89,赤,8D64,U+E2EB,0.58,0.54,0.03103423373996873,OK
90,沖,6C96,U+E317,0.71,0.48,0.1700171113434881,OK_LOOSE
91,舂,8202,U+E223,0.57,0.46,0.09311702399091723,OK
92,虫,866B,U+E3BC,0.43,0.57,0.12240640009290486,OK
93,疇,7587,U+E3D5,0.58,0.68,0.06908091914329911,OK
94,丑,4E11,U+E412,0.48,0.57,0.07463361829690415,OK
95,醜,919C,U+E477,0.73,0.36,0.3070203593531686,WARN
96,臭,81ED,U+E2D5,0.38,0.58,0.18364439694612708,OK_LOOSE
97,出,51FA,U+E1D5,0.87,0.48,0.2582780152430313,OK_LOOSE
98,初,521D,U+E143,0.67,0.72,0.03125769373044196,OK
99,芻,82BB,U+E02F,0.42,0.34,0.09177037335564528,OK
100,雏chu,,,,,,SEVERE
101,楚,695A,U+E1CC,0.5,0.71,0.15228834438305644,OK_LOOSE
102,川,5DDD,U+E334,0.55,0.44,0.09691001300805642,OK
103,傳,50B3,U+E25E,0.82,0.64,0.10763387839982952,OK
104,吹,5439,U+E04E,0.52,0.48,0.034762106259212,OK
105,春,6625,U+E034,0.65,0.51,0.10534318054491917,OK
106,纯chun,,,,,,SEVERE
107,辵,8FB5,U+E06C,0.78,0.48,0.21085336531489324,OK_LOOSE
108,娕,5A15,U+E37D,0.62,0.62,0.0,OK
109,逴,9034,U+E079,0.6,0.36,0.2218487496163564,OK_LOOSE
110,疵ci,,,,,,SEVERE
111,祠,7960,U+E016,0.76,0.58,0.11738559871785413,OK
112,此,6B64,U+E06A,0.69,0.62,0.046457401239001404,OK
113,朿,673F,U+E214,0.52,0.72,0.14132915279646924,OK
114,次,6B21,U+E28E,0.38,0.7,0.26531444339744664,OK_LOOSE
115,从,4ECE,U+E269,0.52,0.41,0.10321948691506368,OK
116,從,5F9E,U+E26A,0.61,0.38,0.20554623839395686,OK_LOOSE
117,麤,9EA4,U+E2CE,0.78,0.71,0.040836253971405154,OK
118,搓cuo,,,,,,SEVERE
119,虘,8658,U+E170,0.56,0.62,0.04420366249205342,OK
120,蔖cuo,,,,,,SEVERE
121,沓,6C93,U+E448,0.73,0.54,0.13092910029748733,OK
122,逹,9039,U+E075,0.64,0.81,0.1023050448947626,OK
123,大,5927,U+E2EC,0.68,0.64,0.02632893872234915,OK
124,丹,4E39,U+E17F,0.66,0.62,0.027152246043614867,OK
125,單,55AE,U+E05E,0.49,0.6,0.08795517035512998,OK
126,箪dan,,,,,,SEVERE
127,瓭dan,,,,,,SEVERE
128,撣,64A3,U+E35E,0.33,0.44,0.12493873660829995,OK
129,旦,65E6,U+E1FB,0.8,0.68,0.07058107428570728,OK
130,但,4F46,U+E264,0.73,0.6,0.08517160973681231,OK
131,淡,6DE1,U+E32D,0.67,0.38,0.2462912060840163,OK_LOOSE
132,僤,50E4,U+E469,0.69,0.72,0.018483405694013178,OK
133,彈,5F48,U+E3AA,0.4,0.77,0.28443073384451945,OK_LOOSE
134,禫,79AB,U+E01E,0.63,0.59,0.028488537811437533,OK
135,宕,5B95,U+E234,0.75,0.66,0.05551732784983133,OK
136,刀,5200,U+E141,0.4,0.39,0.01099538430146324,OK
137,得,5F97,U+E083,0.56,0.71,0.10307032171287484,OK
138,德,5FB7,U+E07D,0.88,0.68,0.11197375944393226,OK
139,登,767B,U+E066,0.57,0.33,0.23736091579460386,OK_LOOSE
140,狄,72C4,U+E2D9,0.58,0.52,0.04742464992813805,OK
141,迪di,,,,,,SEVERE
142,弟,5F1F,U+E1AB,0.5,0.55,0.04139268515822506,OK
143,杕,6755,U+E455,0.81,0.55,0.16812232938440588,OK_LOOSE
144,帝,5E1D,U+E007,0.54,0.74,0.13683795990800762,OK
145,禘,7998,U+E017,0.61,0.83,0.13374825736530685,OK
146,典,5178,U+E154,0.98,0.44,0.3477733992063074,WARN
147,奠,5960,U+E155,0.53,0.56,0.023912157405411385,OK
148,弔,5F14,U+E265,0.47,0.55,0.06826483155852646,OK
149,眣die,,,,,,SEVERE
150,耋,800B,U+E278,0.59,0.52,0.05484866800734502,OK
151,丁,4E01,U+E404,1.57,0.48,0.5146584150336465,WARN
152,鼎,9F0E,U+E216,0.9,0.56,0.2060544824331244,OK_LOOSE
153,定,5B9A,U+E22D,0.54,0.61,0.05293607518779848,OK
154,冬,51AC,U+E33D,0.77,9.0,1.067751784266843,SEVERE
155,東,6771,U+E1C9,0.42,0.95,0.35447431489094733,WARN
156,娻dong,,,,,,SEVERE
157,凍,51CD,U+E490,0.66,0.73,0.043778924578587196,OK
158,豆,8C46,U+E16B,0.69,0.57,0.08297423506476391,OK
159,鬥,9B25,U+E0C4,0.64,0.37,0.2379782499168922,OK_LOOSE
160,脰deng,,,,,,SEVERE
161,督,7763,U+E438,0.49,0.7,0.15490195998574313,OK_LOOSE
162,杜,675C,U+E1AF,0.73,0.67,0.037248057419629395,OK
163,耑,8011,U+E225,0.46,0.58,0.10067016188136313,OK
164,堆dui,,,,,,SEVERE
165,兑,5151,U+E286,0.46,0.73,0.20056502843888177,OK_LOOSE
166,陮,966E,U+E3F0,0.62,0.46,0.1296338578166798,OK
167,隊,968A,U+E3F2,0.51,0.45,0.054357662322592676,OK
168,對,5C0D,U+E0A9,0.69,0.43,0.20538063515766877,OK_LOOSE
169,盾gan,,,,,,SEVERE
170,多,591A,U+E20D,0.66,0.42,0.19629464514396827,OK_LOOSE
171,妸,59B8,U+E375,0.65,0.69,0.02593573409439971,OK
172,娥,5A25,U+E374,0.69,0.67,0.012774288036428825,OK
173,奀en,,,,,,SEVERE
174,而,800C,U+E2B3,0.77,0.65,0.0735773685296263,OK
175,兒,5152,U+E284,0.4,0.74,0.2671717284030138,OK_LOOSE
176,耳,8033,U+E353,0.5,0.75,0.17609125905568127,OK_LOOSE
177,洱,6D31,U+E4A4,0.78,0.32,0.3869446243705744,WARN
178,二,4E8C,U+E3C6,1.91,0.48,0.5997921298721403,WARN
179,伐,4F10,U+E261,0.64,0.77,0.08031075118859472,OK
180,帆fan,,,,,,SEVERE
181,番,756A,U+E043,0.53,0.62,0.06811581989746482,OK
182,凡,51E1,U+E3CA,0.54,0.47,0.060295901887251084,OK
183,反,53CD,U+E0CF,0.62,0.53,0.06811581989746482,OK
184,匚,531A,U+E3A3,0.54,0.45,0.07918124604762482,OK
185,方,65B9,U+E282,0.56,0.62,0.04420366249205342,OK
186,妃,5983,U+E36A,0.63,0.52,0.08333720581878251,OK
187,分,5206,U+E03B,0.75,0.5,0.17609125905568124,OK_LOOSE
188,焚,711A,U+E2E5,0.71,0.58,0.08783035515613805,OK
189,丰,4E30,U+E1D9,0.42,0.69,0.21559980033935483,OK_LOOSE
190,封,5C01,U+E3CE,0.61,0.7,0.05976820500348979,OK
191,風,98A8,U+E3C1,0.53,0.42,0.10102657920288864,OK
192,豐,8C50,U+E16E,0.44,0.32,0.13830269816628146,OK
193,夆,5906,U+E451,0.45,0.56,0.09497551323085678,OK
194,逢feng,,,,,,SEVERE
195,鳯,,,,,,SEVERE
196,缶,7F36,U+E192,0.6,0.45,0.12493873660829993,OK
197,夫,592B,U+E2FE,0.57,0.56,0.007686828666290861,OK
198,尃,5C03,U+E0E6,0.71,0.54,0.11886458889610672,OK
199,弗,5F17,U+E38A,0.68,0.61,0.047179077695469335,OK
200,伏,4F0F,U+E473,0.48,0.57,0.07463361829690415,OK
201,甶,7536,U+E2A5,0.71,0.31,0.35989665488480255,WARN
202,刜,521C,U+E149,0.71,0.65,0.03834499207621967,OK
203,孚,5B5A,U+E0BD,0.62,0.65,0.020521667144601727,OK
204,扶,6276,U+E35B,0.73,0.39,0.2722582530939566,OK_LOOSE
205,服,670D,U+E281,0.67,0.69,0.01277428803642884,OK
206,茀,8300,U+E02C,0.63,0.68,0.033168363252654647,OK
207,俘,4FD8,U+E262,0.76,0.59,0.10996158063864721,OK
208,畐,7550,U+E19E,0.43,0.75,0.2415928078121135,OK_LOOSE
209,祓,7953,U+E019,0.43,0.62,0.1589232339186674,OK_LOOSE
210,福,798F,U+E010,0.73,0.66,0.04377892457858719,OK
211,箙,7B99,U+E152,0.61,0.83,0.13374825736530685,OK
212,甫,752B,U+E0FF,0.51,0.38,0.1277865794811262,OK
213,斧,65A7,U+E3E4,0.67,0.75,0.04898646069087357,OK
214,父,7236,U+E0C7,0.47,0.56,0.07609016907048301,OK
215,妇zou,,,,,,SEVERE
216,阜fu,,,,,,SEVERE
217,复,590D,U+E1A6,0.25,0.38,0.1818435879447725,OK_LOOSE
218,副,526F,U+E145,0.48,0.24,0.3010299956639812,WARN
219,婦,5A66,U+E369,0.67,0.45,0.17286228892548278,OK_LOOSE
220,復,5FA9,U+E07E,0.36,0.33,0.037788560889399754,OK
221,腹,8179,U+E13F,0.38,0.67,0.2462912060840163,OK_LOOSE
222,改gai,,,,,,SEVERE
223,干,5E72,U+E094,0.61,0.71,0.06592851370830821,OK
224,甘,7518,U+E158,0.96,0.59,0.21141922139742425,OK_LOOSE
225,纲gang,,,,,,SEVERE
226,剛,525B,U+E144,0.58,0.93,0.2050549549909979,OK_LOOSE
227,犅,7285,U+E046,0.52,0.34,0.184524426592544,OK_LOOSE
228,羔,7F94,U+E122,0.62,0.58,0.028963695935316648,OK
229,高,9AD8,U+E196,0.48,0.45,0.028028723600243534,OK
230,膏,818F,U+E13E,0.63,0.59,0.028488537811437533,OK
231,杲,6772,U+E1B9,0.47,0.46,0.009340026254143336,OK
232,槀,69C0,U+E1B8,0.49,0.61,0.09513375498225338,OK
233,告,544A,U+E04B,0.56,0.45,0.09497551323085675,OK
234,戈,6208,U+E38D,0.62,0.48,0.11115045212266668,OK
235,敋e,,,,,,SEVERE
236,格,683C,U+E1B7,0.45,0.56,0.09497551323085678,OK
237,鬲,9B32,U+E0B9,0.52,0.45,0.06279082985945553,OK
238,各,5404,U+E05D,0.44,0.7,0.20164536352806933,OK_LOOSE
239,亘,4E98,U+E3C9,0.87,0.47,0.2674213946829011,OK_LOOSE
240,更,66F4,U+E0EE,0.51,0.46,0.04481234441636231,OK
241,庚,5E9A,U+E409,0.58,0.5,0.06445798922691845,OK
242,工,5DE5,U+E156,0.81,0.35,0.3644169745283741,WARN
243,弓,5F13,U+E3A7,0.32,0.88,0.43933269383026263,WARN
244,公,516C,U+E040,0.73,0.48,0.18208162274486867,OK_LOOSE
245,攻,653B,U+E0F3,0.64,0.55,0.0658172844896433,OK
246,宫,5BAB,U+E239,0.79,0.68,0.06511817858420506,OK
247,龏,9F8F,U+E0B2,0.56,0.27,0.3168242628472131,WARN
248,共,5171,U+E0AB,0.82,0.68,0.08130493967748034,OK
249,袧gou,,,,,,SEVERE
250,苟,82DF,U+E2A2,0.34,0.89,0.4179110896026576,WARN
251,冓,5193,U+E12E,0.63,0.53,0.07506467985279265,OK
252,遘,9058,U+E071,0.56,0.81,0.16029699187244928,OK_LOOSE
253,古,53E4,U+E09B,0.66,0.69,0.01930515519538658,OK
254,谷,8C37,U+E33B,0.56,0.3,0.271066772286538,OK_LOOSE
255,骨,9AA8,U+E13C,0.48,0.59,0.08961077426655695,OK
256,鼓,.9F1,,,,,SEVERE
257,蠱,8831,U+E3C0,0.72,0.59,0.0864804847891243,OK
258,雇,96C7,U+E11A,0.43,0.58,0.12995953798335072,OK
259,冎,518E,U+E13A,0.46,0.41,0.04997397496183862,OK
260,剐gua,,,,,,SEVERE
261,卦sui,,,,,,SEVERE
262,官,5B98,U+E3EC,0.54,0.38,0.15261016320615833,OK_LOOSE
263,觀,89C0,U+E28C,0.6,0.36,0.2218487496163564,OK_LOOSE
264,毌,6BCC,U+E20E,0.71,0.46,0.18850051703750115,OK_LOOSE
265,盥,.76E,,,,,SEVERE
266,雚,96DA,U+E11D,0.51,0.55,0.03279251339630749,OK
267,鹳（萑）huan,,,,,,SEVERE
268,光,5149,U+E2E7,0.36,0.52,0.1597008428675119,OK_LOOSE
269,廣,5EE3,U+E2AA,0.71,0.48,0.1700171113434881,OK_LOOSE
270,嶲,,,,,,SEVERE
271,歸,6B78,U+E065,0.54,0.69,0.10645533091428673,OK
272,癸,7678,U+E40D,0.67,0.62,0.03368311320257262,OK
273,鬼,9B3C,U+E2A3,0.44,0.55,0.09691001300805645,OK
274,湀,6E40,U+E31E,0.68,0.65,0.01959555606338077,OK
275,簋gui,,,,,,SEVERE
276,郭guo,,,,,,SEVERE
277,囻guo,,,,,,SEVERE
278,馘,9998,U+E496,0.74,0.71,0.01797337101190088,OK
279,亥,4EA5,U+E421,0.55,0.54,0.007968929671275373,OK
280,害hai,,,,,,SEVERE
281,函,51FD,U+E20F,0.58,0.44,0.11997531707674983,OK
282,涵,6DB5,U+E329,0.79,0.83,0.021451001085632446,OK
283,鶾,9DBE,U+E12B,0.56,0.54,0.015794267183231885,OK
284,蒿,84BF,U+E033,0.69,0.68,0.006340178031018975,OK
285,好,597D,U+E378,0.63,0.56,0.05115252244738129,OK
286,禾,79BE,U+E219,0.58,0.74,0.10580372616803892,OK
287,合,5408,U+E18C,0.72,0.64,0.05115252244738129,OK
288,何,4F55,U+E253,0.64,0.54,0.07378621416091864,OK
289,河,6CB3,U+E306,0.56,0.68,0.08432088570003586,OK
290,颌he,,,,,,SEVERE
291,龢,9FA2,U+E08E,0.7,0.52,0.12909469637945764,OK
292,黑,9ED1,U+E483,0.59,0.58,0.007424018079206875,OK
293,恒,6052,U+E3C8,0.43,0.77,0.25302226959289537,OK_LOOSE
294,弘,5F18,U+E3A9,0.42,0.58,0.1401787031650368,OK
295,虹,8679,U+E3BE,1.24,0.41,0.4806378284424996,WARN
296,鸿hong,,,,,,SEVERE
297,侯,4FAF,,,,,SEVERE
298,后,540E,U+E296,0.72,0.57,0.10145764075877711,OK
299,厚hou,,,,,,SEVERE
300,後,5F8C,U+E42B,0.62,0.73,0.070931170622202,OK
301,乎,4E4E,U+E163,0.64,0.43,0.17271151840430063,OK_LOOSE
302,虍,864D,U+E16F,1.49,0.62,0.3807945789140202,WARN
303,呼,547C,U+E0A3,0.75,0.62,0.08266957389344619,OK
304,狐,72D0,U+E47F,0.67,1.67,0.3966416684467568,WARN
305,壺,58FA,U+E2F5,0.57,0.79,0.14175223561795006,OK
306,觳hu,,,,,,SEVERE
307,虎,864E,U+E171,0.49,0.59,0.08065593161363052,OK
308,唬,552C,U+E426,0.62,0.63,0.006948859955327855,OK
309,户,6237,U+E351,0.49,0.52,0.025807263606285505,OK
310,祜,795C,U+E00B,0.76,0.6,0.10266234189714778,OK
311,化,5316,U+E267,0.31,0.41,0.12142216288546281,OK
312,崋hua,,,,,,SEVERE
313,畵hua,,,,,,SEVERE
314,淮,6DEE,U+E30C,0.55,0.3,0.26324143477458145,OK_LOOSE
315,洹,6D39,U+E30F,0.94,0.37,0.4049261295327036,WARN
316,萑zhui,,,,,,SEVERE
317,锾,953E,U+E3E0,0.53,0.73,0.13904699051966685,OK
318,還,9084,U+E073,0.85,0.5,0.2304489213782739,OK_LOOSE
319,豢,8C62,U+E2B7,0.68,0.86,0.10198953853733136,OK
320,黄,9EC4,U+E3D9,0.46,0.54,0.06963592814139442,OK
321,潢,6F62,U+E320,0.54,0.86,0.2021046914205992,OK_LOOSE
322,回huan,,,,,,SEVERE
323,悔,6094,U+E304,0.47,0.68,0.16041105477051892,OK_LOOSE
324,彗,5F57,U+E0D4,0.51,0.88,0.23691249605223222,OK_LOOSE
325,晦,6666,U+E1F6,0.46,0.39,0.07169322465507488,OK
326,喙,5599,U+E04D,0.53,0.54,0.00811789022217945,OK
327,會,6703,U+E18E,0.52,0.46,0.05324551195322505,OK
328,誨,8AA8,U+E0A1,0.52,0.48,0.034762106259212,OK
329,昏,660F,U+E1F5,0.54,0.41,0.11960990310323304,OK
330,圂,5702,U+E1E0,0.75,0.5,0.17609125905568124,OK_LOOSE
331,火,706B,U+E2DD,0.84,0.5,0.22530928172586284,OK_LOOSE
332,或,6216,U+E393,0.71,0.53,0.12698247911828622,OK
333,祸huo,,,,,,SEVERE
334,禍,798D,U+E01C,0.58,0.76,0.1173855987178541,OK
335,濩,6FE9,U+E326,0.58,0.85,0.16599093215135544,OK_LOOSE
336,獲,7372,U+E2D6,0.43,0.57,0.12240640009290486,OK
337,霍,970D,U+E126,0.62,0.7,0.05270635051600292,OK
338,穫,7A6B,U+E21C,0.4,0.5,0.09691001300805639,OK
339,镬,956C,U+E3DF,0.67,0.53,0.10179893310003736,OK
340,姬,59EC,U+E367,0.63,0.57,0.043465693781090345,OK
341,基,57FA,U+E3CC,0.76,0.44,0.23736091579460392,OK_LOOSE
342,僟ji,,,,,,SEVERE
343,箕,7B95,U+E153,0.62,0.38,0.21260809288144372,OK_LOOSE
344,雞,96DE,U+E116,0.65,0.69,0.02593573409439971,OK
345,及,53CA,U+E0CD,0.33,0.54,0.21387981994508107,OK_LOOSE
346,吉,5409,U+E058,0.62,0.82,0.12142216288546281,OK
347,彶,5F76,U+E080,0.53,0.75,0.150785393790911,OK_LOOSE
348,即,.537,,,,,SEVERE
349,亟,4E9F,U+E3C7,0.72,0.25,0.45939248775923086,WARN
350,疾,75BE,U+E240,0.72,0.52,0.1413291527964693,OK
351,集,96C6,U+E128,0.48,0.5,0.017728766960431602,OK
352,耤,8024,U+E14E,0.63,0.73,0.0639823106668742,OK
353,己,5DF1,U+E407,0.87,0.76,0.058705660337827134,OK
354,丮,4E2E,U+E0BF,0.54,0.72,0.12493873660829989,OK
355,挤ji,,,,,,SEVERE
356,旡,65E1,U+E474,0.4,0.62,0.1903316981702914,OK_LOOSE
357,季,5B63,U+E410,0.47,0.83,0.2469802344403564,OK_LOOSE
358,既,65E2,U+E184,0.61,0.52,0.06932649137596782,OK
359,洎,6D0E,U+E32B,0.73,0.5,0.1643528557844371,OK_LOOSE
360,祭,796D,U+E012,0.67,1.05,0.1951144963691116,OK_LOOSE
361,跽,8DFD,U+E08B,0.78,0.52,0.17609125905568124,OK_LOOSE
362,穧,7A67,U+E461,0.53,0.36,0.1679733688335018,OK_LOOSE
363,霽,973D,U+E343,0.72,0.44,0.21387981994508098,OK_LOOSE
364,夾,593E,U+E2ED,0.45,0.62,0.1391791757229102,OK
365,佳jia,,,,,,SEVERE
366,家,5BB6,U+E227,0.63,0.59,0.028488537811437533,OK
367,嘉jia,,,,,,SEVERE
368,豭,8C6D,U+E2B6,0.49,0.68,0.14231283267772274,OK
369,甲,7532,U+E400,0.88,0.54,0.2120889123272001,OK_LOOSE
370,斝,659D,U+E3E7,0.79,0.67,0.07155228858961502,OK
371,戔,6214,U+E399,0.61,0.68,0.04717907769546932,OK
372,缄jian,,,,,,SEVERE
373,監,76E3,U+E273,0.61,0.48,0.10408859763517979,OK
374,艱,8271,U+E3D2,0.63,0.88,0.1451421226965869,OK
375,麉jian,,,,,,SEVERE
376,見,898B,U+E28A,0.53,0.65,0.08863748704206653,OK
377,姜,59DC,U+E366,0.4,0.64,0.2041199826559248,OK_LOOSE
378,畕,7555,U+E3D7,0.84,0.59,0.15342727441973747,OK_LOOSE
379,彊,5F4A,U+E3A8,0.68,0.59,0.06165690106409214,OK
380,疆,7586,U+E3D8,0.6,1.11,0.26717172840301384,OK_LOOSE
381,弜,5F1C,U+E3AB,0.45,0.57,0.10266234189714765,OK
382,降,964D,U+E3F3,0.51,0.37,0.13936845203094142,OK
383,洚,6D1A,U+E313,0.56,0.78,0.14390657568427997,OK
384,將,5C07,U+E435,0.43,0.61,0.1518613794311805,OK_LOOSE
385,交,4EA4,U+E2F4,0.54,0.54,0.0,OK
386,胶,80F6,U+E489,0.62,0.41,0.17960783277851838,OK_LOOSE
387,角,89D2,U+E14F,0.63,0.5,0.10037054511756291,OK
388,烄,70C4,U+E2E0,0.49,0.5,0.00877392430750515,OK
389,教,6559,U+E0F9,0.52,0.44,0.07255066714861175,OK
390,卩,5369,U+E298,0.42,0.52,0.09275405323689875,OK
391,解,89E3,U+E150,0.5,0.57,0.056904851336472564,OK
392,介,4ECB,U+E03E,0.41,0.61,0.17254597829103155,OK_LOOSE
393,戒,6212,U+E0B0,0.76,0.47,0.20871573434507393,OK_LOOSE
394,巾,5DFE,U+E245,0.53,0.5,0.02530586526477026,OK
395,今,4ECA,U+E18D,0.75,0.34,0.34358234634944484,WARN
396,斤,65A4,U+E3E3,0.44,0.56,0.104735350520013,OK
397,紟,7D1F,U+E3B5,0.82,0.48,0.23257261500812945,OK_LOOSE
398,堇,5807,U+E3D1,0.47,0.35,0.12802981358544185,OK
399,盡,76E1,U+E178,0.56,0.77,0.13830269816628143,OK
400,近zhi,,,,,,SEVERE
401,晉,6649,U+E1F2,0.54,0.71,0.11886458889610672,OK
402,進,9032,U+E07B,0.5,0.36,0.14266750356873154,OK
403,寖,5BD6,U+E311,0.58,0.83,0.1556500988131366,OK_LOOSE
404,京,.4EA,,,,,SEVERE
405,晶,6676,U+E202,0.97,0.54,0.2543779744432763,OK_LOOSE
406,兢jing,,,,,,SEVERE
407,精xing,,,,,,SEVERE
408,井,4E95,U+E181,0.6,0.54,0.04575749056067506,OK
409,妌,598C,U+E37B,0.68,0.61,0.047179077695469335,OK
410,倞,501E,U+E251,0.42,0.95,0.35447431489094733,WARN
411,竟,7ADF,U+E0A6,0.4,0.57,0.15381486434452896,OK_LOOSE
412,競,7AF6,U+E0A5,0.72,0.65,0.044419139788412824,OK
413,冏,518F,U+E097,0.55,0.39,0.14929808246774467,OK
414,囧,56E7,U+E208,1.0,0.39,0.40893539297350073,WARN
415,丩,4E29,U+E09A,0.42,0.56,0.12493873660830002,OK
416,九,4E5D,U+E3FC,0.46,0.52,0.053245511953225105,OK
417,酒,9152,U+E41D,0.87,1.0,0.060480747381381476,OK
418,咎,548E,U+E263,0.6,0.35,0.23408320603336802,OK_LOOSE
419,舊,820A,U+E11E,0.45,0.38,0.07342891715853349,OK
420,苴,82F4,U+E02E,0.76,0.9,0.07342891715853353,OK
421,沮,6CAE,U+E307,0.58,0.52,0.04742464992813805,OK
422,举ju,,,,,,SEVERE
423,句,53E5,U+E099,0.64,0.79,0.09144711730655426,OK
424,具,5177,U+E0B3,0.52,0.71,0.13525500508427613,OK
425,惧ju,,,,,,SEVERE
426,眷juan,,,,,,SEVERE
427,氒,6C12,U+E38C,0.58,0.54,0.03103423373996873,OK
428,玨,73A8,U+E022,0.56,0.5,0.04921802267018165,OK
429,絕,,,,,,SEVERE
430,橛kun,,,,,,SEVERE
431,爵,7235,U+E187,0.67,0.56,0.077886775694626,OK
432,攫jue,,,,,,SEVERE
433,君,541B,U+E050,0.45,0.68,0.17929639893089266,OK_LOOSE
434,麇,9E87,U+E2CB,0.51,0.61,0.07775965891283065,OK
435,畯,756F,U+E3D6,0.48,0.39,0.09017663034908796,OK
436,穅,7A45,U+E21D,0.52,0.52,0.0,OK
437,亢,4EA2,U+E2FA,0.59,0.43,0.13738355606255767,OK
438,丂,4E02,U+E15E,1.05,0.44,0.3777366225837506,WARN
439,考,8003,U+E279,0.51,0.54,0.024823583725032152,OK
440,壳qiao,,,,,,SEVERE
441,可,53EF,U+E161,0.6,0.5,0.07918124604762482,OK
442,克,514B,U+E217,0.61,0.62,0.007061854487486835,OK
443,口,53E3,U+E04C,0.66,0.59,0.048691923899724536,OK
444,哭,54ED,U+E05F,0.69,0.57,0.08297423506476391,OK
445,夸,5938,U+E2EE,0.73,0.69,0.0244737693832006,OK
446,匡,5321,U+E3A4,0.71,0.69,0.012409257981820025,OK
447,狂,72C2,U+E2D8,0.57,0.68,0.07663405703374497,OK
448,況,6CC1,U+E316,0.49,0.53,0.03407978957227543,OK
449,亏,4E8F,U+E164,0.49,0.48,0.008954842652926412,OK
450,奎kui,,,,,,SEVERE
451,戣,6223,U+E390,0.6,0.48,0.09691001300805642,OK
452,夔,5914,U+E1A8,0.49,0.56,0.05799194697768681,OK
453,媿,5ABF,U+E385,0.42,0.48,0.057991946977686754,OK
454,昆kun,,,,,,SEVERE
455,困,56F0,U+E1DF,0.77,0.5,0.18752072083646307,OK_LOOSE
456,剌,524C,U+E1DB,0.62,0.64,0.013788284485633297,OK
457,來,4F86,U+E1A3,0.5,0.76,0.1818435879447725,OK_LOOSE
458,婪,5A6A,U+E384,0.91,0.58,0.19561339875815636,OK_LOOSE
459,狼,72FC,U+E2DB,0.67,0.48,0.14483356532523925,OK
460,牢,7262,U+E049,0.61,0.91,0.1737115573103266,OK_LOOSE
461,老,8001,U+E277,0.46,0.7,0.1823402083326827,OK_LOOSE
462,潦,6F66,U+E325,0.6,0.55,0.037788560889399754,OK
463,樂,6A02,U+E1C3,0.43,0.43,0.0,OK
464,雷,96F7,U+E33F,0.6,0.62,0.01424043911461028,OK
465,縲lei,,,,,,SEVERE
466,罍lei,,,,,,SEVERE
467,棃li,,,,,,SEVERE
468,離,96E2,U+E118,0.33,0.55,0.2218487496163564,OK_LOOSE
469,斄li,,,,,,SEVERE
470,驪,9A6A,U+E2C0,0.84,0.88,0.020203386088287,OK
471,李,674E,U+E452,0.48,0.45,0.028028723600243534,OK
472,禮,79AE,U+E00C,0.59,0.59,0.0,OK
473,力,529B,U+E3DB,0.31,0.24,0.11115045212266668,OK
474,立,7ACB,U+E300,0.68,0.65,0.01959555606338077,OK
475,吏,540F,U+E005,0.4,0.35,0.057991946977686816,OK
476,利,5229,U+E142,0.58,0.58,0.0,OK
477,隶li,,,,,,SEVERE
478,砅,7805,U+E323,0.74,0.47,0.19713386179525874,OK_LOOSE
479,秝,79DD,U+E220,0.59,0.55,0.030489322147900264,OK
480,歷,6B77,U+E064,0.68,0.73,0.030813947414219556,OK
481,櫟,6ADF,U+E453,0.6,0.57,0.022276394711152208,OK
482,聯,806F,U+E495,0.46,0.6,0.11539341870206953,OK
483,良,826F,U+E19F,0.5,0.61,0.08635983067474821,OK
484,量,91CF,U+E46C,0.47,0.44,0.02864518144953001,OK
485,寮,5BEE,U+E23B,0.62,0.48,0.11115045212266668,OK
486,尞,5C1E,U+E2DE,0.42,0.5,0.07572071393811836,OK
487,列lie,,,,,,SEVERE
488,烈,70C8,U+E482,0.68,0.39,0.24144430567973713,OK_LOOSE
489,猟lie,,,,,,SEVERE
490,林,6797,U+E1CB,0.73,0.39,0.2722582530939566,OK_LOOSE
491,粦,7CA6,U+E484,0.56,0.64,0.0579919469776867,OK
492,霖,9716,U+E342,0.62,0.7,0.05270635051600292,OK
493,麐,9E90,U+E2C9,0.57,0.54,0.02348109584952281,OK
494,麟,9E9F,U+E2C8,0.47,0.59,0.09875415370642673,OK
495,吝,541D,U+E05C,0.65,0.58,0.04948536307991834,OK
496,悋lin,,,,,,SEVERE
497,焛,711B,U+E2DF,0.56,0.6,0.029963223377443157,OK
498,夌,590C,U+E44F,0.35,0.54,0.18832571547269294,OK_LOOSE
499,陵,9675,U+E3EE,0.59,0.56,0.022663984635943695,OK
500,霝,971D,U+E340,0.78,0.3,0.414973347970818,WARN
501,令,4EE4,U+E299,0.51,0.55,0.03279251339630749,OK
502,柳,67F3,U+E1B0,0.45,0.67,0.1728622889254828,OK_LOOSE
503,六,516D,U+E3FA,1.28,0.52,0.3912066260130692,WARN
504,龍,9F8D,U+E34C,0.44,0.41,0.030668819766451964,OK
505,聾,807E,U+E358,0.77,1.25,0.21041928783557454,OK_LOOSE
506,龓,9F93,U+E206,0.53,0.4,0.12221587827282664,OK
507,盧,76E7,U+E176,0.42,0.77,0.26324143477458145,OK_LOOSE
508,硵lu,,,,,,SEVERE
509,魯,9B6F,U+E10C,0.52,0.36,0.15970084286751196,OK_LOOSE
510,录,5F55,U+E218,0.46,0.59,0.1080941799605701,OK
511,鹿,9E7F,U+E2C7,0.65,0.46,0.1501555249612815,OK_LOOSE
512,禄,7984,U+E00D,0.78,0.43,0.2586261471108939,OK_LOOSE
513,麓,9E93,U+E1CD,0.75,0.66,0.05551732784983133,OK
514,吕,5415,U+E23A,0.6,0.77,0.10833947478883828,OK
515,旅,65C5,U+E1FF,0.65,0.8,0.09017663034908802,OK
516,律,5F8B,U+E084,0.56,0.55,0.007825337511956621,OK
517,率,7387,U+E3BB,0.5,0.67,0.12710479836480768,OK
518,緑,7DD1,U+E3B4,0.76,0.57,0.1249387366083,OK
519,羅,7F85,U+E244,0.63,0.42,0.17609125905568124,OK_LOOSE
520,臝luo,,,,,,SEVERE
521,洛,6D1B,U+E309,0.62,0.61,0.007061854487486849,OK
522,落luo,,,,,,SEVERE
523,濼,6FFC,U+E30E,0.74,0.54,0.13683795990800765,OK
524,馬,99AC,U+E2BF,0.49,0.95,0.28752752526033404,OK_LOOSE
525,薶,85B6,U+E030,0.65,0.77,0.07357736852962626,OK
526,霾,973E,U+E345,0.52,0.48,0.034762106259212,OK
527,買,8CB7,U+E1E9,0.48,0.7,0.1638568026386696,OK_LOOSE
528,麥,9EA5,U+E1A4,0.43,0.54,0.09892530424338199,OK
529,尨,5C28,U+E2D2,0.47,0.4,0.070037866607755,OK
530,杗,6757,U+E1BB,0.6,0.39,0.1870866433571444,OK_LOOSE
531,莽,83BD,U+E422,0.87,0.45,0.28630673884327484,OK_LOOSE
532,卯,536F,U+E415,0.54,0.5,0.03342375548694973,OK
533,懋,61CB,U+E487,0.41,0.85,0.31663506899455723,WARN
534,枚,679A,U+E1B6,0.45,0.48,0.02802872360024349,OK
535,眉,7709,U+E10A,0.52,0.68,0.11650556907143719,OK
536,湄,6E44,U+E321,0.67,0.37,0.25787307863383147,OK_LOOSE
537,每,6BCF,U+E027,0.49,0.46,0.027438248346939524,OK
538,美,7F8E,U+E123,0.65,0.47,0.14081549870713814,OK
539,妹,59B9,U+E36E,0.67,0.68,0.006434110005409911,OK
540,媚,5A9A,U+E377,0.48,0.45,0.028028723600243534,OK
541,寐,5BD0,U+E23E,0.61,0.57,0.029454979338275632,OK
542,鬽,9B3D,U+E2A4,0.5,0.68,0.13353890837021754,OK
543,門,9580,U+E352,0.66,0.45,0.16633142176652502,OK_LOOSE
544,萌,840C,U+E029,0.56,0.6,0.029963223377443157,OK
545,夢,5922,U+E23D,0.63,0.48,0.11809931207799448,OK
546,盟meng,,,,,,SEVERE
547,麋,9E8B,U+E2CA,0.77,0.53,0.1622148555716928,OK_LOOSE
548,米,7C73,U+E222,0.72,0.63,0.05799194697768673,OK
549,芈,8288,U+E121,0.61,0.71,0.06592851370830821,OK
550,敉,6549,U+E0F0,0.49,0.8,0.21289390696342997,OK_LOOSE
551,糸,7CF8,U+E3AE,0.35,0.7,0.3010299956639812,WARN
552,宀,5B80,U+E226,0.74,0.6,0.09108046934733258,OK
553,免,514D,U+E46A,0.36,0.46,0.10645533091428686,OK
554,面,9762,U+E292,0.96,0.29,0.5198732351406123,WARN
555,蔑,8511,U+E11F,0.53,0.82,0.18953798278292763,OK_LOOSE
556,民,6C11,U+E388,0.68,0.33,0.3139949728283488,WARN
557,皿,76BF,U+E173,0.7,0.95,0.13262556527459096,OK
558,敏,654F,U+E0EA,0.55,0.52,0.024359345859444693,OK
559,黽,9EFD,U+E3C4,0.44,0.58,0.11997531707674981,OK
560,名,540D,U+E04F,0.61,0.7,0.05976820500348979,OK
561,明,660E,U+E207,0.7,0.5,0.146128035678238,OK
562,冥,51A5,U+E201,0.53,0.39,0.13321126257428986,OK
563,鳴,9CF4,U+E12C,0.62,0.52,0.0763883458634547,OK
564,命,547D,U+E051,0.42,0.6,0.1549019599857432,OK_LOOSE
565,沫,6CAB,U+E330,0.57,0.48,0.07463361829690418,OK
566,莫,83AB,U+E036,0.54,0.59,0.03845825181917563,OK
567,母,6BCD,U+E36C,0.5,0.39,0.10790539730951956,OK
568,牡,7261,U+E045,0.62,0.56,0.044203662492053396,OK
569,木,6728,U+E1AD,0.45,0.56,0.09497551323085678,OK
570,目,76EE,U+E104,1.42,0.42,0.529039053985156,WARN
571,沐,6C90,U+E32F,0.53,0.66,0.09526806594107966,OK
572,牧,7267,U+E0F8,0.72,0.44,0.21387981994508098,OK_LOOSE
573,穆,7A46,U+E460,0.68,0.45,0.17929639893089264,OK_LOOSE
574,内,,,,,,SEVERE
575,乃,4E43,U+E15C,0.66,0.48,0.13830269816628152,OK
576,艿,827F,U+E032,0.62,0.76,0.08842190278253749,OK
577,廼,5EFC,U+E447,0.6,0.87,0.16136800223497494,OK_LOOSE
578,男,7537,U+E3DA,0.55,0.62,0.05202900000400998,OK
579,南,5357,U+E1D7,0.65,0.65,0.0,OK
580,夒,5912,U+E1A7,0.42,0.62,0.16914239910035345,OK_LOOSE
581,疒,7592,U+E23F,0.66,0.61,0.034214100531101674,OK
582,麑,9E91,U+E2CC,0.7,0.48,0.16385680263866959,OK_LOOSE
583,伲ni,,,,,,SEVERE
584,屰,5C70,U+E095,0.51,0.39,0.11650556907143717,OK
585,逆,9006,U+E070,0.57,0.64,0.05030511831139583,OK
586,溺ni,,,,,,SEVERE
587,年,5E74,U+E21E,0.48,0.45,0.028028723600243534,OK
588,輦,8F26,U+E4AE,0.88,0.6,0.16633142176652502,OK_LOOSE
589,廿,5EFF,U+E09E,0.48,0.51,0.026328938722349152,OK
590,娘,5A18,U+E49A,0.61,0.7,0.05976820500348979,OK
591,鳥,9CE5,U+E129,0.53,0.48,0.04303463222520185,OK
592,臬,81EC,U+E1C2,0.41,0.88,0.33169881543043317,WARN
593,啮nie,,,,,,SEVERE
594,镍nie,,,,,,SEVERE
595,籋nie,,,,,,SEVERE
596,宁,5B81,U+E3F7,0.62,0.38,0.21260809288144372,OK_LOOSE
597,寍,5BCD,U+E22C,0.66,0.58,0.05611594197893141,OK
598,寧,,,,,,SEVERE
599,濘,6FD8,U+E31F,0.67,0.46,0.16331697101925235,OK_LOOSE
600,牛,725B,U+E044,0.53,0.46,0.06151803791921497,OK
601,農,8FB2,U+E0B8,0.52,0.68,0.11650556907143719,OK
602,弄,5F04,U+E0AE,0.57,0.37,0.18767313160549634,OK_LOOSE
603,女,5973,U+E364,0.53,0.56,0.023912157405411385,OK
604,虐,8650,U+E449,0.55,0.48,0.05912145211865669,OK
605,奻,,,,,,SEVERE
606,排,6392,U+E35A,0.55,0.58,0.023065304068693383,OK
607,派,6D3E,U+E31C,0.6,0.46,0.1153934187020695,OK
608,槃,69C3,U+E1BF,0.64,0.53,0.08190410438309811,OK
609,旁,65C1,U+E008,0.59,0.63,0.028488537811437564,OK
610,龐,9F90,U+E2AB,0.65,0.54,0.08051959681988707,OK
611,沛pei,,,,,,SEVERE
612,浿,6D7F,U+E312,0.43,0.62,0.1589232339186674,OK_LOOSE
613,配,914D,U+E41E,0.78,0.55,0.15173191319623658,OK_LOOSE
614,轡,8F61,U+E4A6,0.61,0.7,0.05976820500348979,OK
615,朋,670B,U+E1EA,0.66,0.59,0.048691923899724536,OK
616,倗,5017,U+E252,0.9,0.74,0.08501078970834869,OK
617,彭,5F6D,U+E169,0.76,0.48,0.19957235490520417,OK_LOOSE
618,陴,9674,U+E3F5,0.66,0.88,0.12493873660829995,OK
619,片,7247,U+E215,0.41,0.65,0.2001294999231201,OK_LOOSE
620,嬪,5B2A,U+E37E,0.59,0.9,0.1833904977971807,OK_LOOSE
621,品,54C1,U+E08C,0.76,0.73,0.017490732160335427,OK
622,牝,725D,U+E047,0.68,0.67,0.006434110005409903,OK
623,甹ping,,,,,,SEVERE
624,攴,6534,U+E0E7,0.27,0.56,0.3168242628472131,WARN
625,僕,50D5,U+E0AA,0.46,0.73,0.20056502843888177,OK_LOOSE
626,七,4E03,U+E3FB,1.44,0.68,0.32585357938901327,WARN
627,戚,621A,U+E4A1,0.46,0.43,0.029289376101987598,OK
628,霋qi,,,,,,SEVERE
629,齐qi,,,,,,SEVERE
630,圻yin,,,,,,SEVERE
631,其,5176,U+E445,1.21,0.43,0.4493169147368636,WARN
632,祈,7948,U+E01A,0.51,0.62,0.08482151340031749,OK
633,萁qi,,,,,,SEVERE
634,棊,68CA,U+E1C1,0.55,0.54,0.007968929671275373,OK
635,旗yan,,,,,,SEVERE
636,齊,9F4A,U+E213,0.72,0.47,0.185234638495551,OK_LOOSE
637,企,4F01,U+E24D,0.56,0.54,0.015794267183231885,OK
638,启,542F,U+E055,0.39,0.62,0.20132708247175468,OK_LOOSE
639,杞,675E,U+E1B1,0.51,0.5,0.00860017176191757,OK
640,啓,5553,U+E0E8,0.55,0.3,0.26324143477458145,OK_LOOSE
641,晵,6675,U+E1F3,0.55,0.46,0.07760485781266976,OK
642,契jie,,,,,,SEVERE
643,氣,6C23,U+E023,1.25,0.48,0.41566877563246923,WARN
644,棄,68C4,U+E12D,0.66,1.44,0.33881855655338095,WARN
645,千,5343,U+E09D,0.53,0.62,0.06811581989746482,OK
646,臤,81E4,U+E0DB,0.69,0.52,0.12284574710245615,OK
647,铅qian,,,,,,SEVERE
648,掔,6394,U+E35F,0.5,0.43,0.0655015487564323,OK
649,前,524D,U+E063,0.75,0.71,0.023802914672624822,OK
650,钳yu,,,,,,SEVERE
651,遣,9063,U+E074,0.46,0.33,0.14424389180368663,OK
652,欠,6B20,U+E28D,0.32,0.69,0.3336991124173493,WARN
653,俔,4FD4,U+E25C,0.7,0.6,0.06694678963061322,OK
654,羌,7F8C,U+E124,0.56,0.82,0.16562582537751624,OK_LOOSE
655,戕,6215,U+E394,0.82,0.48,0.23257261500812945,OK_LOOSE
656,鞘qiao,,,,,,SEVERE
657,切qie,,,,,,SEVERE
658,且,4E14,U+E3E1,0.54,0.45,0.07918124604762482,OK
659,妾,59BE,U+E0A8,0.44,0.44,0.0,OK
660,侵,4FB5,U+E25A,0.75,0.77,0.011429461780781828,OK
661,钦qing（卯）,,,,,,SEVERE
662,秦,79E6,U+E21F,0.49,0.5,0.00877392430750515,OK
663,禽,79BD,U+E3FD,0.55,0.52,0.024359345859444693,OK
664,寝,5BDD,U+E233,0.54,0.58,0.031034233739968737,OK
665,沁,6C81,U+E493,0.6,0.48,0.09691001300805642,OK
666,青,9752,U+E180,0.54,0.68,0.10011515288326783,OK
667,卿,537F,U+E29D,0.71,0.52,0.13525500508427607,OK
668,慶,6176,U+E303,0.62,0.34,0.26091277245599875,OK_LOOSE
669,磬,78EC,U+E2AE,0.4,1.21,0.48072537898848766,WARN
670,丘,4E18,U+E26E,1.16,0.45,0.41124547545157475,WARN
671,秋,79CB,U+E2E3,0.5,0.73,0.16435285578443712,OK_LOOSE
672,囚,56DA,U+E1DE,0.75,0.84,0.04921802267018159,OK
673,汓,6C53,U+E322,0.71,0.7,0.006160308704818433,OK
674,裘,88D8,U+E276,0.61,0.67,0.04074496769005942,OK
675,曲,66F2,U+E4A3,0.73,0.75,0.011738403271244173,OK
676,區,5340,U+E3A1,0.79,0.65,0.0847137346475859,OK
677,驅,9A45,U+E2C3,0.63,0.65,0.01357280718927387,OK
678,取,53D6,U+E0D3,0.65,0.77,0.07357736852962626,OK
679,娶,5A36,U+E368,0.7,0.52,0.12909469637945764,OK
680,去,53BB,U+E17A,0.58,0.58,0.0,OK
681,泉,6CC9,U+E339,0.6,0.47,0.10605339244792619,OK
682,犬,72AC,U+E2D1,0.46,0.41,0.04997397496183862,OK
683,雀,96C0,U+E114,0.45,0.9,0.3010299956639812,WARN
684,冄,5184,U+E2B2,0.91,0.54,0.22664763249812508,OK_LOOSE
685,姌ran,,,,,,SEVERE
686,人,4EBA,U+E24A,0.32,0.59,0.26570203332223824,OK_LOOSE
687,仁,4EC1,U+E24C,0.61,0.91,0.1737115573103266,OK_LOOSE
688,壬,58EC,U+E40C,0.93,0.5,0.26951294421791633,OK_LOOSE
689,刃,5203,U+E14C,0.53,0.52,0.008272525965989857,OK
690,任,4EFB,U+E25B,0.67,0.65,0.013161446057970908,OK
691,妊,598A,U+E36B,0.62,0.54,0.05999792967528537,OK
692,扔,6254,U+E360,0.39,0.41,0.021719249693236256,OK
693,日,65E5,U+E1F0,1.04,1.18,0.05484866800734498,OK
694,戎,620E,U+E38F,0.64,0.62,0.013788284485633285,OK
695,肜chen,,,,,,SEVERE
696,肉,8089,U+E13D,1.0,0.56,0.25181197299379954,OK_LOOSE
697,如,5982,U+E37C,0.58,0.5,0.06445798922691845,OK
698,汝,6C5D,U+E30A,0.54,0.57,0.023481095849522814,OK
699,乳,4E73,U+E494,0.62,1.54,0.3951290313382092,WARN
700,入,5165,U+E190,1.63,0.62,0.4197959149057039,WARN
701,蓐,84D0,U+E035,0.59,0.44,0.12739933515595672,OK
702,若,82E5,U+E02D,0.47,0.61,0.11323197707504959,OK
703,洒,6D12,U+E32E,0.64,0.5,0.10720996964786837,OK
704,卅,5345,U+E09F,0.55,0.6,0.037788560889399754,OK
705,塞,585E,U+E4A8,0.59,1.33,0.3529996293249416,WARN
706,三,4E09,U+E01F,1.13,0.5,0.35410843914740087,WARN
707,桑,6851,U+E1D0,0.52,0.5,0.01703333929878037,OK
708,喪,55AA,U+E060,0.55,0.78,0.15173191319623652,OK_LOOSE
709,嗇,55C7,U+E1A2,0.75,0.59,0.10420925174955592,OK
710,森,68EE,U+E1CE,0.61,0.45,0.1321173212354233,OK
711,殺,6BBA,U+E0E3,0.47,1.5,0.5039934011199638,WARN
712,山,5C71,U+E2A7,1.39,0.55,0.4026521107598512,WARN
713,彡,5F61,U+E294,0.63,0.67,0.02673425324724476,OK
714,删,5220,U+E146,0.66,0.62,0.027152246043614867,OK
715,羴,7FB4,U+E125,0.58,0.55,0.0230653040686934,OK
716,商,5546,U+E098,0.55,0.54,0.007968929671275373,OK
717,裳yi,,,,,,SEVERE
718,賞,8CDE,U+E1E8,0.59,0.48,0.089610774266557,OK
719,上,4E0A,U+E006,2.19,0.52,0.6244407712053192,SEVERE
720,少,5C11,U+E039,0.57,0.43,0.12240640009290485,OK
721,紹,7D39,U+E3B1,0.54,0.37,0.16419203575597358,OK_LOOSE
722,賖,8CD6,U+E1E6,0.44,0.54,0.0889410833367811,OK
723,舌,820C,U+E093,0.43,0.82,0.2803453968041301,OK_LOOSE
724,射she,,,,,,SEVERE
725,涉,6D89,U+E333,0.58,0.61,0.021901841447829775,OK
726,申,7533,U+E41B,0.77,0.62,0.094099035674228,OK
727,身,8EAB,U+E46D,0.41,0.42,0.01046543367816498,OK
728,沈,6C88,U+E328,0.62,0.8,0.11069829749368976,OK
729,升,5347,U+E3E8,0.45,0.88,0.29127015837482495,OK_LOOSE
730,生,751F,U+E1D8,0.78,0.45,0.23888208891513674,OK_LOOSE
731,牲,7272,U+E048,0.87,0.52,0.22351590898381932,OK_LOOSE
732,聲,8072,U+E356,0.5,0.73,0.16435285578443712,OK_LOOSE
733,省,7701,U+E107,0.57,0.79,0.14175223561795006,OK
734,圣,5723,U+E3CF,0.8,0.52,0.18708664335714445,OK_LOOSE
735,盛,76DB,U+E175,0.84,0.62,0.13188759656362775,OK
736,聖,8056,U+E354,0.52,0.5,0.01703333929878037,OK
737,尸,5C38,U+E27B,0.65,0.42,0.18966406624495513,OK_LOOSE
738,师shi,,,,,,SEVERE
739,施shi,,,,,,SEVERE
740,溼,6EBC,U+E32A,0.87,0.0,1.9395192526186185,SEVERE
741,十,5341,U+E09C,0.12,0.67,0.7468935566532017,SEVERE
742,石,77F3,U+E2AD,0.66,0.88,0.12493873660829995,OK
743,姼chi,,,,,,SEVERE
744,祏,794F,U+E015,0.62,0.69,0.04645740123900139,OK
745,食,98DF,U+E188,0.44,0.43,0.009984220906600923,OK
746,時,6642,U+E1F1,0.53,0.54,0.00811789022217945,OK
747,史,53F2,U+E0D7,0.45,0.43,0.019744058195757187,OK
748,矢,77E2,U+E193,0.31,0.31,0.0,OK
749,豕,8C55,U+E2B4,0.57,0.54,0.02348109584952281,OK
750,使,4F7F,U+E25D,0.59,0.56,0.022663984635943695,OK
751,駛,99DB,U+E47C,0.54,0.53,0.00811789022217946,OK
752,氏,6C0F,U+E38B,0.45,0.41,0.04042865705560822,OK
753,示,793A,U+E00A,0.65,0.66,0.006630578899013093,OK
754,事,4E8B,U+E0D8,0.42,0.39,0.032184683371401235,OK
755,冟,519F,U+E185,0.47,0.54,0.060295901887251105,OK
756,室,5BA4,U+E229,0.6,0.96,0.2041199826559248,OK_LOOSE
757,視,8996,U+E28B,0.95,0.82,0.06390975290513104,OK
758,手zhao,,,,,,SEVERE
759,首,9996,U+E293,0.84,0.52,0.20827594242708244,OK_LOOSE
760,受,53D7,U+E137,0.46,0.45,0.009545317906230361,OK
761,狩,72E9,U+E2D4,0.51,0.43,0.07410172051834987,OK
762,獸,7378,U+E3FF,0.46,0.42,0.039508541283673655,OK
763,殳,6BB3,U+E0DE,0.44,0.39,0.05238806945968822,OK
764,叔,53D4,U+E0D2,0.43,0.69,0.2053806351576688,OK_LOOSE
765,秫,79EB,U+E21A,0.43,0.76,0.24734513670120484,OK_LOOSE
766,熟shu,,,,,,SEVERE
767,黍,9ECD,U+E221,0.7,0.39,0.2540334329877576,OK_LOOSE
768,鼠,9F20,U+E480,0.41,0.73,0.2505390034007204,OK_LOOSE
769,蜀,8700,U+E3BD,0.7,0.67,0.019023237313430356,OK
770,戍,620D,U+E392,0.67,0.29,0.3636768048018704,WARN
771,束,675F,U+E1DA,0.31,0.71,0.3598966548848026,WARN
772,侸,4FB8,U+E256,0.63,0.67,0.02673425324724476,OK
773,庻shu,,,,,,SEVERE
774,樹,6A39,U+E1B3,0.65,0.48,0.13167211926726838,OK
775,爽,723D,U+E102,0.6,0.5,0.07918124604762482,OK
776,水,6C34,U+E305,0.52,0.52,0.0,OK
777,丝you,,,,,,SEVERE
778,司,53F8,U+E297,0.52,0.53,0.008272525965989885,OK
779,絲,7D72,U+E3BA,0.56,1.0,0.25181197299379954,OK_LOOSE
780,蛳si,,,,,,SEVERE
781,楒si,,,,,,SEVERE
782,死,6B7B,U+E139,0.64,0.71,0.0450783747351881,OK
783,巳,5DF3,U+E417,0.54,0.55,0.00796892967127534,OK
784,四,56DB,U+E3F6,0.91,0.32,0.4538914140011876,WARN
785,汜,6C5C,U+E31D,0.86,0.59,0.16364643960142355,OK_LOOSE
786,祀,7940,U+E013,0.79,0.38,0.31784349467363127,WARN
787,飤,98E4,U+E44D,0.74,0.46,0.20647388804940206,OK_LOOSE
788,嗣,55E3,U+E090,0.65,0.47,0.14081549870713814,OK
789,娀song,,,,,,SEVERE
790,宋,5B8B,U+E235,0.54,0.71,0.11886458889610672,OK
791,叜,53DC,U+E0C8,0.48,0.57,0.07463361829690415,OK
792,夙su,,,,,,SEVERE
793,诉che,,,,,,SEVERE
794,宿,5BBF,U+E232,0.77,0.38,0.30670712855567167,WARN
795,粟,7C9F,U+E212,0.57,0.5,0.05690485133647256,OK
796,餗,9917,U+E0BB,0.63,0.58,0.035912555890644446,OK
797,夊,590A,U+E1A5,0.88,0.58,0.1810546785872314,OK_LOOSE
798,虽sui,,,,,,SEVERE
799,綏,7D8F,U+E3B8,0.47,0.42,0.04884856753781701,OK
800,祟,795F,U+E01D,0.55,0.63,0.058977859959337804,OK
801,遂sui,,,,,,SEVERE
802,歳,,,,,,SEVERE
803,穗sui,,,,,,SEVERE
804,孫,5B6B,U+E3AD,0.41,0.91,0.34625753560135814,WARN
805,索,7D22,U+E1D6,0.36,0.7,0.2887955392469695,OK_LOOSE
806,它,5B83,U+E3C2,0.54,0.7,0.11270428019128824,OK
807,遝,905D,U+E06E,0.93,0.5,0.26951294421791633,OK_LOOSE
808,踏ta,,,,,,SEVERE
809,嚃ta,,,,,,SEVERE
810,汰,6C70,U+E32C,0.56,1.26,0.3521825181113625,WARN
811,覃tan,,,,,,SEVERE
812,唐,5510,U+E05A,0.5,0.59,0.07188200730612535,OK
813,濤,6FE4,U+E331,1.21,0.54,0.3503916104934815,WARN
814,天,5929,U+E004,0.69,0.38,0.2590654941204451,OK_LOOSE
815,田,7530,U+E3D4,0.69,0.71,0.012409257981820002,OK
816,畋,754B,U+E0F5,0.56,0.47,0.07609016907048301,OK
817,畑tian,,,,,,SEVERE
818,條,689D,U+E454,0.46,0.5,0.036212172654444715,OK
819,條,689D,U+E454,0.46,0.95,0.3149657736072736,WARN
820,齠tiao,,,,,,SEVERE
821,聑,8051,U+E359,0.92,0.36,0.407485326578268,WARN
822,鐡te,,,,,,SEVERE
823,聴ting,,,,,,SEVERE
824,聽,807D,U+E355,0.71,0.52,0.13525500508427607,OK
825,庭,5EAD,U+E2A9,0.68,0.52,0.11650556907143717,OK
826,挺ting（壬）,,,,,,SEVERE
827,通,901A,U+E072,0.54,0.58,0.031034233739968737,OK
828,同,540C,U+E241,0.57,0.45,0.1026623418971477,OK
829,童,7AE5,U+E432,0.58,0.58,0.0,OK
830,頭tou,,,,,,SEVERE
831,突,7A81,U+E23C,0.49,0.46,0.027438248346939524,OK
832,徒,5F92,U+E429,0.58,0.7,0.08167004645131958,OK
833,涂,6D82,U+E308,0.59,0.64,0.035327962341743034,OK
834,途,9014,U+E07C,0.48,0.45,0.028028723600243534,OK
835,土,571F,U+E3CB,0.73,0.59,0.09247084847831172,OK
836,兔,5154,U+E2CF,0.67,0.46,0.16331697101925235,OK_LOOSE
837,屯,5C6F,U+E026,0.52,0.3,0.23888208891513674,OK_LOOSE
838,豚,8C5A,U+E2BA,0.64,0.57,0.050305118311395836,OK
839,拕,62D5,U+E361,0.47,0.48,0.009143379439869771,OK
840,橐tuo,,,,,,SEVERE
841,鼍,9F0D,U+E3C5,0.59,0.86,0.16364643960142353,OK_LOOSE
842,妥,59A5,U+E387,0.54,0.48,0.051152522447381374,OK
843,徍wang,,,,,,SEVERE
844,外,5916,U+E20B,0.57,0.87,0.18364439694612714,OK_LOOSE
845,宛,5B9B,U+E465,0.83,0.62,0.12668640287782001,OK
846,萬,842C,U+E3FE,0.61,0.6,0.007178584627123376,OK
847,亡,4EA1,U+E39E,0.4,0.68,0.2304489213782739,OK_LOOSE
848,王,738B,U+E020,0.88,0.32,0.43933269383026263,WARN
849,往,5F80,U+E07F,0.61,0.52,0.06932649137596782,OK
850,罔,7F54,U+E243,0.72,0.62,0.06494080693301453,OK
851,朢,6722,U+E272,0.36,0.52,0.1597008428675119,OK_LOOSE
852,危,5371,U+E479,0.51,0.62,0.08482151340031749,OK
853,溦wei,,,,,,SEVERE
854,韋,97CB,U+E1AA,0.49,0.59,0.08065593161363052,OK
855,唯,552F,U+E054,0.64,0.54,0.07378621416091864,OK
856,惟,60DF,U+E486,0.54,0.71,0.11886458889610672,OK
857,爲,7232,U+E0BE,0.61,0.22,0.44290715418856075,WARN
858,尾,5C3E,U+E27C,0.57,0.43,0.12240640009290485,OK
859,委,59D4,U+E37A,0.72,0.45,0.20411998265592474,OK_LOOSE
860,洧,6D27,U+E30D,0.28,0.62,0.34523365815603463,WARN
861,未,672A,U+E41A,0.46,0.54,0.06963592814139442,OK
862,畏,754F,U+E2A6,0.48,0.57,0.07463361829690415,OK
863,衞,,,,,,SEVERE
864,文,6587,U+E295,0.53,0.59,0.04657614204135512,OK
865,聞,805E,U+E357,0.61,0.76,0.09548375727002435,OK
866,紊,7D0A,U+E3B2,0.46,0.67,0.16331697101925238,OK_LOOSE
867,問,554F,U+E053,0.68,0.72,0.0248235837250321,OK
868,我,6211,U+E39B,0.77,0.44,0.24303804868629444,OK_LOOSE
869,婐,5A50,U+E498,0.68,0.84,0.09177037335564528,OK
870,硪,786A,U+E47A,0.72,0.23,0.4956046604136755,WARN
871,巫,5DEB,U+E157,0.82,0.48,0.23257261500812945,OK_LOOSE
872,呉,5449,U+E2F2,0.45,0.54,0.07918124604762487,OK
873,五,4E94,U+E3F9,0.81,0.73,0.04516215875819385,OK
874,午,5348,U+E419,0.21,0.64,0.4839606792499679,WARN
875,武,6B66,U+E397,0.51,0.56,0.04061785090826406,OK
876,侮,4FAE,U+E260,0.57,0.52,0.039871512037692194,OK
877,舞,821E,U+E1A9,0.73,0.38,0.2835392635036457,OK_LOOSE
878,兀,5140,U+E283,0.6,0.58,0.014723256820706378,OK
879,勿,52FF,U+E2B0,0.59,0.75,0.10420925174955588,OK
880,戊,620A,U+E405,0.53,0.67,0.10179893310003742,OK
881,物,7269,U+E04A,0.45,0.5,0.045757490560675115,OK
882,兮,516E,U+E162,0.56,0.5,0.04921802267018165,OK
883,西,897F,U+E350,0.79,0.46,0.23486925960886737,OK_LOOSE
884,昔,6614,U+E1F8,0.62,0.52,0.0763883458634547,OK
885,析,6790,U+E1C5,0.54,0.38,0.15261016320615833,OK_LOOSE
886,奚,595A,U+E2FD,0.54,0.67,0.09368104287785793,OK
887,溪xi,,,,,,SEVERE
888,嬉,5B09,U+E49B,0.67,0.47,0.153976944765109,OK_LOOSE
889,熹,71B9,U+E2E1,0.49,0.7,0.15490195998574313,OK_LOOSE
890,錫,932B,U+E3DD,0.7,0.42,0.22184874961635634,OK_LOOSE
891,習,7FD2,U+E10F,0.46,0.62,0.1296338578166798,OK
892,騽,9A3D,U+E2C2,0.6,0.64,0.028028723600243537,OK
893,徙,5F99,U+E42A,0.63,0.54,0.06694678963061314,OK
894,铣xi,,,,,,SEVERE
895,喜,559C,U+E167,0.54,2.88,0.7269987279362623,SEVERE
896,系,7CFB,U+E3AC,0.58,0.45,0.11021547978759355,OK
897,细xi,,,,,,SEVERE
898,係,4FC2,U+E46B,0.68,0.65,0.01959555606338077,OK
899,下,4E0B,U+E009,2.35,0.57,0.6151930065992449,SEVERE
900,先,5148,U+E289,0.48,0.56,0.06694678963061328,OK
901,咸,54B8,U+E056,0.71,0.33,0.3327444088411878,WARN
902,臽,81FD,U+E224,0.65,1.05,0.20827594242708247,OK_LOOSE
903,獻,737B,U+E2D7,0.65,0.77,0.07357736852962626,OK
904,乡xiang,,,,,,SEVERE
905,相,76F8,U+E106,0.57,0.81,0.15261016320615842,OK_LOOSE
906,鄉xiang,,,,,,SEVERE
907,襄,8944,U+E470,0.35,0.64,0.2621119296336115,OK_LOOSE
908,驤xiang,,,,,,SEVERE
909,祥,7965,U+E00E,1.04,0.75,0.14197207590708033,OK
910,亯,4EAF,U+E19B,0.79,0.56,0.14943906428424097,OK
911,飨can,,,,,,SEVERE
912,饗,9957,U+E18B,0.76,0.37,0.31261186821379633,WARN
913,向,5411,U+E22B,0.77,0.56,0.13830269816628146,OK
914,象,8C61,U+E2BE,0.6,0.42,0.1549019599857432,OK_LOOSE
915,小,5C0F,U+E038,0.71,0.92,0.11252947862648005,OK
916,孝,5B5D,U+E27A,0.4,0.62,0.1903316981702914,OK_LOOSE
917,效,6548,U+E0EB,0.62,0.5,0.09342168516223506,OK
918,校,6821,U+E458,0.49,0.75,0.18486518336318639,OK_LOOSE
919,劦,52A6,U+E3DC,0.66,0.68,0.012964977164367649,OK
920,媟,5A9F,U+E383,0.65,0.65,0.0,OK
921,燮,71EE,U+E0C9,0.53,0.64,0.08190410438309813,OK
922,心,5FC3,U+E302,0.77,0.57,0.13061586949999054,OK
923,辛,8F9B,U+E40A,0.64,0.52,0.09017663034908803,OK
924,昕,6615,U+E1F9,0.6,0.71,0.07310709833543166,OK
925,訢,8A22,U+E430,0.64,0.63,0.006839424530305442,OK
926,新,65B0,U+E3E6,0.66,0.55,0.07918124604762482,OK
927,薪jin,,,,,,SEVERE
928,炘,7098,U+E47D,0.55,0.46,0.07760485781266976,OK
929,星,661F,U+E203,0.71,0.62,0.05886665922082136,OK
930,骍xiang,,,,,,SEVERE
931,興,8208,U+E0B5,0.57,0.28,0.30871682433027203,WARN
932,行,884C,U+E087,0.79,0.31,0.40626539745616874,WARN
933,杏,674F,U+E1AE,0.49,0.52,0.025807263606285505,OK
934,姓,59D3,U+E365,0.7,0.71,0.006160308704818447,OK
935,幸,5E78,U+E2F6,0.46,0.5,0.036212172654444715,OK
936,兄,5144,U+E287,0.31,0.62,0.3010299956639812,WARN
937,兇,5147,U+E463,0.31,0.72,0.36597080259699577,WARN
938,匈xiong,,,,,,SEVERE
939,熊,718A,U+E488,0.73,0.58,0.0998948665575186,OK
940,休,4F11,U+E1C7,0.54,0.45,0.07918124604762482,OK
941,羞,7F9E,U+E413,0.65,0.54,0.08051959681988707,OK
942,戌,620C,U+E420,0.72,0.5,0.15836249209524964,OK_LOOSE
943,須,9808,U+E476,0.45,0.41,0.04042865705560822,OK
944,叙,53D9,U+E0F7,0.6,0.63,0.021189299069938095,OK
945,洫xu,,,,,,SEVERE
946,殈xu,,,,,,SEVERE
947,畜,755C,U+E4AA,0.46,0.5,0.036212172654444715,OK
948,續,7E8C,U+E3B0,0.44,0.75,0.23160858690551261,OK_LOOSE
949,宣,5BA3,U+E22A,0.7,0.74,0.024133679716719363,OK
950,旋,65CB,U+E1FE,0.66,0.59,0.048691923899724536,OK
951,辥e,,,,,,SEVERE
952,學,5B78,U+E0FA,0.56,0.7,0.09691001300805634,OK
953,雪yu,,,,,,SEVERE
954,血,8840,U+E17B,0.76,0.7,0.03571555226653458,OK
955,烕,70D5,U+E2E8,0.72,0.48,0.17609125905568124,OK_LOOSE
956,旬,65EC,U+E2A0,0.65,0.84,0.11136592941902607,OK
957,尋,5C0B,U+E0E4,0.59,0.69,0.06799707909511112,OK
958,侚,4F9A,U+E250,0.54,0.56,0.015794267183231903,OK
959,訊,8A0A,U+E0A2,0.74,0.58,0.10580372616803894,OK
960,疋,758B,U+E42E,0.48,0.68,0.15126767533064914,OK_LOOSE
961,亞,4E9E,U+E3F8,0.79,0.81,0.01085792758820832,OK
962,娅,,,,,,SEVERE
963,延chan,,,,,,SEVERE
964,言,8A00,U+E0A0,0.6,0.57,0.022276394711152208,OK
965,炎,708E,U+E2E9,0.71,0.68,0.0187494360128389,OK
966,嵒,5D52,U+E2A8,0.81,0.59,0.1376330072365056,OK
967,虤,.866,,,,,SEVERE
968,衍,884D,U+E314,0.67,0.68,0.006434110005409911,OK
969,演,6F14,U+E315,0.58,0.56,0.015239966556736814,OK
970,妟,599F,U+E37F,0.68,0.59,0.06165690106409214,OK
971,焱,7131,U+E2EA,0.57,0.65,0.05703850097036423,OK
972,燕,71D5,U+E34B,0.82,0.64,0.10763387839982952,OK
973,鬳,9B33,U+E0BA,0.56,0.71,0.10307032171287484,OK
974,央,592E,U+E198,0.62,0.67,0.033683113202572605,OK
975,羊,7F8A,U+E120,0.59,0.46,0.1080941799605701,OK
976,昜,661C,U+E2B1,0.64,0.62,0.013788284485633285,OK
977,陽,967D,U+E3EF,0.69,0.5,0.13987908640123647,OK
978,敭yang,,,,,,SEVERE
979,養,,,,,,SEVERE
980,夭,592D,U+E2F3,0.64,0.59,0.03532796234174298,OK
981,爻,723B,U+E101,0.59,0.68,0.06165690106409217,OK
982,堯,582F,U+E3D0,0.55,0.52,0.024359345859444693,OK
983,杳,6773,U+E1BA,0.59,0.47,0.0987541537064267,OK
984,要,8981,U+E0B6,0.58,22.0,1.578994687259269,SEVERE
985,野,91CE,U+E3D3,0.71,0.61,0.06592851370830824,OK
986,枼xe,,,,,,SEVERE
987,頁,9801,U+E291,0.44,0.5,0.05551732784983137,OK
988,一,4E00,U+E002,6.07,0.68,0.9506797783690212,SEVERE
989,伊,4F0A,U+E24F,0.55,0.29,0.2779646915952878,OK_LOOSE
990,衣,8863,U+E274,0.82,0.75,0.03875258899201662,OK
991,医,533B,U+E3A2,0.56,0.62,0.04420366249205342,OK
992,依,4F9D,U+E255,0.69,0.39,0.24778448371075604,OK_LOOSE
993,夷,5937,U+E2EF,0.35,0.69,0.29478104638697966,OK_LOOSE
994,宜,5B9C,U+E231,0.73,0.52,0.14731951648565672,OK
995,疑yi,,,,,,SEVERE
996,彝,5F5D,U+E3B9,0.61,0.54,0.05293607518779849,OK
997,乙,4E59,U+E401,0.43,0.53,0.09080741402120256,OK
998,已yi,,,,,,SEVERE
999,乂,4E42,U+E389,0.51,0.5,0.00860017176191757,OK
1000,弋,5F0B,U+E4A0,0.49,0.6,0.08795517035512998,OK
1001,亦,4EA6,U+E2F0,0.65,0.45,0.15970084286751188,OK_LOOSE
1002,伇,4F07,U+E0E2,0.52,0.31,0.2246416498005265,OK_LOOSE
1003,邑,9091,U+E1EB,0.36,0.68,0.2762064119389491,OK_LOOSE
1004,易,6613,U+E2BD,0.71,0.74,0.01797337101190092,OK
1005,益,76CA,U+E177,0.7,0.5,0.146128035678238,OK
1006,異,7570,U+E0B4,0.56,0.72,0.10914446942506797,OK
1007,翊,7FCA,U+E111,0.62,0.5,0.09342168516223506,OK
1008,逸,9038,U+E2D0,0.52,0.71,0.13525500508427613,OK
1009,義,7FA9,U+E39C,0.72,0.36,0.3010299956639812,WARN
1010,肄yi,,,,,,SEVERE
1011,蓺,84FA,U+E0C0,0.4,0.62,0.1903316981702914,OK_LOOSE
1012,翼yi,,,,,,SEVERE
1013,因,56E0,U+E1DD,0.76,0.57,0.1249387366083,OK
1014,殷,6BB7,U+E46E,0.62,0.62,0.0,OK
1015,隂yin,,,,,,SEVERE
1016,乑yin,,,,,,SEVERE
1017,寅,5BC5,U+E414,0.61,0.48,0.10408859763517979,OK
1018,嚚,569A,U+E092,0.65,0.46,0.1501555249612815,OK_LOOSE
1019,尹,5C39,U+E0CA,0.36,0.68,0.2762064119389491,OK_LOOSE
1020,饮yin,,,,,,SEVERE
1021,印,5370,U+E29B,0.32,0.65,0.30776337832294964,WARN
1022,嬰,5B30,U+E381,0.68,0.61,0.047179077695469335,OK
1023,鹰huan,,,,,,SEVERE
1024,萦ying,,,,,,SEVERE
1025,邕,9095,U+E336,0.54,0.5,0.03342375548694973,OK
1026,庸,5EB8,U+E436,0.44,0.72,0.21387981994508098,OK_LOOSE
1027,雝,96DD,U+E119,0.54,0.54,0.0,OK
1028,饔,9954,U+E189,0.73,0.56,0.11513483311425542,OK
1029,永,6C38,U+E33A,0.56,0.54,0.015794267183231885,OK
1030,用,7528,U+E0FE,0.62,0.64,0.013788284485633297,OK
1031,攸,6538,U+E0EF,0.59,0.52,0.05484866800734502,OK
1032,幽,5E7D,U+E133,0.61,0.33,0.2668158951328795,OK_LOOSE
1033,麀,9E80,U+E2CD,0.55,0.71,0.1108956592248314,OK
1034,憂xu,,,,,,SEVERE
1035,尤,5C24,U+E402,0.35,0.45,0.1091444694250681,OK
1036,由,7531,U+E4A9,0.75,0.7,0.029963223377443202,OK
1037,油,6CB9,U+E30B,1.0,0.73,0.13667713987954408,OK
1038,游,6E38,U+E1FD,0.46,0.48,0.018483405694013126,OK
1039,猶,7336,U+E2DA,0.73,0.42,0.24007356972255545,OK_LOOSE
1040,友,53CB,U+E0D5,0.54,0.48,0.051152522447381374,OK
1041,有,6709,U+E205,0.44,0.61,0.14187715852457958,OK
1042,卣,5363,U+E45F,0.51,0.24,0.32735893438633035,WARN
1043,酉,9149,U+E41C,0.57,0.27,0.324511091513504,WARN
1044,又,53C8,U+E0C5,0.33,0.32,0.013363961557981502,OK
1045,右,53F3,U+E057,0.31,0.73,0.3719611662861832,WARN
1046,幼,5E7C,U+E131,0.37,0.22,0.22577904324478879,OK_LOOSE
1047,囿,56FF,U+E1DC,0.73,0.69,0.0244737693832006,OK
1048,姷,59F7,U+E380,0.29,1.0,0.5376020021010439,WARN
1049,祐,7950,U+E011,0.72,0.55,0.11696980693702454,OK
1050,扜,625C,U+E363,0.93,0.58,0.20505495499099788,OK_LOOSE
1051,迂yu,,,,,,SEVERE
1052,余,4F59,U+E042,0.58,0.57,0.007553137890445907,OK
1053,妤yu,,,,,,SEVERE
1054,盂,76C2,U+E174,0.58,0.58,0.0,OK
1055,臾yu,,,,,,SEVERE
1056,鱼yu,,,,,,SEVERE
1057,雩,96E9,U+E346,0.57,0.56,0.007686828666290861,OK
1058,魚,9B5A,U+E349,0.74,0.52,0.15322837609617698,OK_LOOSE
1059,漁,6F01,U+E34A,0.76,0.74,0.011581872549815138,OK
1060,輿,8F3F,U+E3EA,0.43,0.75,0.2415928078121135,OK_LOOSE
1061,宇,5B87,U+E464,0.78,0.41,0.27931074597074496,OK_LOOSE
1062,羽,7FBD,U+E110,0.45,0.68,0.17929639893089266,OK_LOOSE
1063,雨,96E8,U+E33E,0.47,0.41,0.05931400121598193,OK
1064,匬,532C,U+E3A5,0.63,0.48,0.11809931207799448,OK
1065,圉,5709,U+E2F8,0.66,0.67,0.00653086715895778,OK
1066,玉,7389,U+E021,0.39,0.42,0.03218468337140124,OK
1067,育,80B2,U+E411,0.54,0.53,0.00811789022217946,OK
1068,昱,6631,U+E1F7,0.75,0.76,0.005752328889091323,OK
1069,狱cao,,,,,,SEVERE
1070,御,5FA1,U+E085,0.66,0.55,0.07918124604762482,OK
1071,籞,,,,,,SEVERE
1072,鬱,9B31,U+E459,0.72,0.53,0.1330566268304794,OK
1073,鸢,,,,,,SEVERE
1074,淵,6DF5,U+E319,0.69,0.57,0.08297423506476391,OK
1075,元,5143,U+E003,0.55,0.29,0.2779646915952878,OK_LOOSE
1076,爰,7230,U+E136,0.31,0.5,0.20760831050174613,OK_LOOSE
1077,員,54E1,U+E1E1,0.52,0.53,0.008272525965989885,OK
1078,袁,8881,U+E46F,0.55,0.81,0.16812232938440588,OK_LOOSE
1079,逺yuan,,,,,,SEVERE
1080,遠,9060,U+E42D,0.79,0.74,0.028395371559465227,OK
1081,夗,5917,U+E20A,0.5,0.48,0.017728766960431616,OK
1082,怨yuan,,,,,,SEVERE
1083,曰,66F0,U+E159,0.8,0.34,0.37161106994968846,WARN
1084,月,6708,U+E204,0.42,0.42,0.0,OK
1085,戉,6209,U+E39A,0.49,0.68,0.14231283267772274,OK
1086,刖,5216,U+E148,0.69,0.44,0.19539641425106788,OK_LOOSE
1087,粤,7CA4,U+E165,0.5,0.63,0.10037054511756292,OK
1088,龠,9FA0,U+E08D,0.69,0.5,0.13987908640123647,OK
1089,雲,96F2,U+E348,0.51,0.32,0.2024201977780304,OK_LOOSE
1090,允,5141,U+E285,0.33,0.36,0.037788560889399754,OK
1091,孕,5B55,U+E40F,0.41,1.06,0.4125220085450348,WARN
1092,暈,6688,U+E1FA,1.05,0.57,0.2653144433974467,OK_LOOSE
1093,雥,96E5,U+E127,0.58,1.12,0.2857900291072444,OK_LOOSE
1094,灾zai,,,,,,SEVERE
1095,甾,753E,U+E3A6,0.82,0.68,0.08130493967748034,OK
1096,烖,70D6,U+E2E6,0.67,0.7,0.01902323731343033,OK
1097,宰,5BB0,U+E230,0.69,0.69,0.0,OK
1098,载zai,,,,,,SEVERE
1099,載,8F09,U+E4AD,0.74,0.74,0.0,OK
1100,再,518D,U+E12F,0.65,0.42,0.18966406624495513,OK_LOOSE
1101,在,5728,U+E3CD,0.49,0.67,0.13587872267231282,OK
1102,臧,81E7,U+E0DD,0.67,0.55,0.08571211320658262,OK
1103,葬,846C,U+E037,0.61,0.59,0.014477823368622899,OK
1104,鑿,947F,U+E4AC,0.6,0.57,0.022276394711152208,OK
1105,噪zao,,,,,,SEVERE
1106,責,8CAC,U+E1E7,0.45,0.65,0.1597008428675119,OK_LOOSE
1107,夨,5928,U+E2F1,0.64,0.85,0.12323895173040557,OK
1108,昃,6603,U+E1F4,0.83,0.72,0.06174559594480541,OK
1109,曾,66FE,U+E03C,0.69,0.4,0.23678909940929288,OK_LOOSE
1110,乍,4E4D,U+E39F,0.49,0.59,0.08065593161363052,OK
1111,栅,6805,U+E1BC,0.61,0.54,0.05293607518779849,OK
1112,宅,5B85,U+E228,0.58,0.35,0.2193599492126616,OK_LOOSE
1113,翟,7FDF,U+E43B,0.38,0.44,0.06366907986937727,OK
1114,占,5360,U+E0FD,0.52,0.45,0.06279082985945553,OK
1115,召,53EC,U+E052,0.55,0.81,0.16812232938440588,OK_LOOSE
1116,兆,5146,U+E03F,0.79,0.61,0.11229725627967443,OK
1117,肇,8087,U+E38E,0.57,0.41,0.14309099895275587,OK
1118,折,6298,U+E031,0.39,0.44,0.05238806945968823,OK
1119,貞,8C9E,U+E0FC,0.52,0.69,0.12284574710245608,OK
1120,振zhen,,,,,,SEVERE
1121,朕,6715,U+E27F,0.73,0.5,0.1643528557844371,OK_LOOSE
1122,震,9707,U+E491,0.54,0.45,0.07918124604762482,OK
1123,征,5F81,U+E06D,0.5,0.3,0.2218487496163564,OK_LOOSE
1124,爭,722D,U+E43E,0.35,0.47,0.12802981358544185,OK
1125,蒸,84B8,U+E481,0.5,0.54,0.03342375548694975,OK
1126,正,6B63,U+E06B,0.55,0.44,0.09691001300805642,OK
1127,政,653F,U+E0EC,0.49,0.65,0.12271727661434192,OK
1128,之,4E4B,U+E1D1,0.74,0.41,0.25644786301124073,OK_LOOSE
1129,隻,96BB,U+E113,0.42,0.56,0.12493873660830002,OK
1130,戠,6220,U+E398,0.62,0.68,0.04011722320798245,OK
1131,直,76F4,U+E39D,0.74,0.48,0.18799048235538898,OK_LOOSE
1132,姪zhi,,,,,,SEVERE
1133,執,57F7,U+E2F7,0.57,0.79,0.14175223561795006,OK
1134,植mu,,,,,,SEVERE
1135,馽,99BD,U+E2C4,0.69,0.73,0.024473769383200585,OK
1136,止,6B62,U+E062,0.53,0.52,0.008272525965989857,OK
1137,旨,65E8,U+E166,0.53,0.54,0.00811789022217945,OK
1138,沚,6C9A,U+E31B,0.63,0.54,0.06694678963061314,OK
1139,祉,7949,U+E00F,0.83,0.85,0.010340833338218842,OK
1140,至,81F3,U+E34F,0.54,0.48,0.051152522447381374,OK
1141,豸,8C78,U+E2BB,0.44,0.43,0.009984220906600923,OK
1142,治fu,,,,,,SEVERE
1143,陟,965F,U+E3F1,0.51,0.58,0.05585781746500087,OK
1144,彘,5F58,U+E2B9,0.57,0.36,0.1995723549052041,OK_LOOSE
1145,智zhi,,,,,,SEVERE
1146,廌,5ECC,U+E2C6,0.42,0.48,0.057991946977686754,OK
1147,雉,96C9,U+E115,0.64,0.72,0.051152522447381256,OK
1148,疐,7590,U+E135,0.52,0.67,0.11007145906602726,OK
1149,摯,,,,,,SEVERE
1150,櫛jie,,,,,,SEVERE
1151,中,4E2D,U+E024,0.57,0.84,0.16840443038939032,OK_LOOSE
1152,終,7D42,U+E3B3,0.9,0.62,0.161850819941071,OK_LOOSE
1153,衆,8846,U+E270,0.59,0.43,0.13738355606255767,OK
1154,州,5DDE,U+E338,0.63,0.67,0.02673425324724476,OK
1155,舟,821F,U+E27D,0.61,0.54,0.05293607518779849,OK
1156,周,5468,U+E059,0.6,0.52,0.062147906748844434,OK
1157,帚,5E1A,U+E246,0.49,0.46,0.027438248346939524,OK
1158,纣,,,,,,SEVERE
1159,宙,5B99,U+E238,0.82,0.32,0.4086638740638107,WARN
1160,胄,80C4,U+E43F,0.37,0.57,0.1876731316054964,OK_LOOSE
1161,晝,665D,U+E433,0.53,0.36,0.1679733688335018,OK_LOOSE
1162,驟,9A5F,U+E47B,0.39,0.61,0.1942652279842678,OK_LOOSE
1163,朱,6731,U+E1B4,0.59,0.91,0.18818938067894947,OK_LOOSE
1164,竹,7AF9,U+E151,0.9,0.52,0.23823916580452573,OK_LOOSE
1165,逐,9010,U+E077,0.57,0.33,0.23736091579460386,OK_LOOSE
1166,主,4E3B,U+E17E,0.38,0.4,0.022276394711152253,OK
1167,壴,58F4,U+E168,0.4,0.52,0.11394335230683675,OK
1168,祝,795D,U+E018,0.52,0.38,0.136219747017989,OK
1169,貯,8CAF,U+E1E4,0.46,0.62,0.1296338578166798,OK
1170,鑄,9444,U+E3DE,0.63,0.52,0.08333720581878251,OK
1171,爪,722A,U+E0BC,0.56,0.31,0.25682633317192777,OK_LOOSE
1172,叀zhuan,,,,,,SEVERE
1173,專,5C08,U+E0E5,0.44,0.5,0.05551732784983137,OK
1174,转zhuan,,,,,,SEVERE
1175,妝,599D,U+E382,0.76,0.73,0.017490732160335427,OK
1176,隹,96B9,U+E112,0.56,0.5,0.04921802267018165,OK
1177,追,8FFD,U+E076,0.41,0.39,0.021719249693236214,OK
1178,椎,690E,U+E457,0.71,0.68,0.0187494360128389,OK
1179,沝,6C9D,U+E332,0.74,0.68,0.03672280702473984,OK
1180,涿,6DBF,U+E327,0.6,0.58,0.014723256820706378,OK
1181,斫,65AB,U+E3E5,0.56,0.54,0.015794267183231885,OK
1182,灂,7042,U+E318,0.56,0.55,0.007825337511956621,OK
1183,仔,4ED4,U+E25F,0.71,0.7,0.006160308704818433,OK
1184,兹,5179,U+E02A,0.59,0.55,0.030489322147900264,OK
1185,滋,6ECB,U+E31A,0.81,0.83,0.01059307349742409,OK
1186,子,5B50,U+E40E,0.55,0.53,0.016086819893454795,OK
1187,自,81EA,U+E10B,0.43,0.39,0.042403848553087264,OK
1188,胾,80FE,U+E140,0.6,0.58,0.014723256820706378,OK
1189,宗,5B97,U+E237,0.8,0.64,0.09691001300805642,OK
1190,走,8D70,U+E427,0.65,0.59,0.04206134500071145,OK
1191,奏,594F,U+E485,0.54,0.53,0.00811789022217946,OK
1192,足,8DB3,U+E08A,0.52,0.68,0.11650556907143719,OK
1193,卒,5352,U+E275,0.71,0.48,0.1700171113434881,OK_LOOSE
1194,族,65CF,U+E200,0.47,0.74,0.19713386179525877,OK_LOOSE
1195,俎,4FCE,U+E3E2,0.6,0.41,0.16536739366390812,OK_LOOSE
1196,爼zu,,,,,,SEVERE
1197,祖,7956,U+E014,0.75,0.7,0.029963223377443202,OK
1198,尊,5C0A,U+E41F,0.61,0.79,0.11229725627967445,OK
1199,罇zun,,,,,,SEVERE
1200,左,5DE6,U+E0D6,0.39,0.67,0.2350101956743272,OK_LOOSE
1201,佐,4F50,U+E446,0.42,0.31,0.13188759656362775,OK
1202,作,4F5C,U+E259,0.51,0.37,0.13936845203094142,OK
1203,zai,,,,,,SEVERE
