id,char,unicode,svg
1,一,4E00,0001.svg
2,元,5143,0002.svg
3,天,5929,0003.svg
4,吏,540F,0004.svg
5,上,4E0A,0005.svg
6,帝,5E1D,0006.svg
7,旁,65C1,0007.svg
8,下,4E0B,0008.svg
9,示,793A,0009.svg
10,祜,795C,0010.svg
11,禮,79AE,0011.svg
12,禄,7984,0012.svg
13,祥,7965,0013.svg
14,祉,7949,0014.svg
15,福,798F,0015.svg
16,祐,7950,0016.svg
17,祭,796D,0017.svg
18,祀,7940,0018.svg
19,祖,7956,0019.svg
20,祏,794F,0020.svg
21,祠,7960,0021.svg
22,禘,7998,0022.svg
23,祝,795D,0023.svg
24,ba,,0024.svg
25,祈,7948,0025.svg
26,籞,7C5E,0026.svg
27,禍,798D,0027.svg
28,祟,795F,0028.svg
29,禫,79AB,0029.svg
30,三,4E09,0030.svg
31,王,738B,0031.svg
32,玉,7389,0032.svg
33,玨,73A8,0033.svg
34,氣,6C23,0034.svg
35,中,4E2D,0035.svg
36,屮,5C6E,0036.svg
37,屯,5C6F,0037.svg
38,每,6BCF,0038.svg
39,zhui,,0039.svg
40,萌,840C,0040.svg
41,兹,5179,0041.svg
42,蔡,8521,0042.svg
43,茀,8300,0043.svg
44,若,82E5,0044.svg
45,苴,82F4,0045.svg
46,芻,82BB,0046.svg
47,薶,85B6,0047.svg
48,折,6298,0048.svg
49,reng,,0049.svg
50,蒿,84BF,0050.svg
51,春,6625,0051.svg
52,蓐,84D0,0052.svg
53,莫,83AB,0053.svg
54,葬,846C,0054.svg
55,小,5C0F,0055.svg
56,少,5C11,0056.svg
57,八,516B,0057.svg
58,分,5206,0058.svg
59,曾,66FE,0059.svg
60,sui,,0060.svg
61,介,4ECB,0061.svg
62,兆,5146,0062.svg
63,公,516C,0063.svg
64,必,5FC5,0064.svg
65,余,4F59,0065.svg
66,番,756A,0066.svg
67,牛,725B,0067.svg
68,牡,7261,0068.svg
69,犅,7285,0069.svg
70,牝,725D,0070.svg
71,牲,7272,0071.svg
72,牢,7262,0072.svg
73,物,7269,0073.svg
74,告,544A,0074.svg
75,口,53E3,0075.svg
76,喙,5599,0076.svg
77,吹,5439,0077.svg
78,名,540D,0078.svg
79,君,541B,0079.svg
80,命,547D,0080.svg
81,召,53EC,0081.svg
82,問,554F,0082.svg
83,唯,552F,0083.svg
84,启,542F,0084.svg
85,咸,54B8,0085.svg
86,右,53F3,0086.svg
87,吉,5409,0087.svg
88,周,5468,0088.svg
89,唐,5510,0089.svg
90,e,,0090.svg
91,吝,541D,0091.svg
92,各,5404,0092.svg
93,單,55AE,0093.svg
94,哭,54ED,0094.svg
95,喪,55AA,0095.svg
96,yuan,,0096.svg
97,止,6B62,0097.svg
98,前,524D,0098.svg
99,歷,6B77,0099.svg
100,歸,6B78,0100.svg
101,登,767B,0101.svg
102,bo,,0102.svg
103,步,6B65,0103.svg
104,歳,6B73,0104.svg
105,此,6B64,0105.svg
106,正,6B63,0106.svg
107,辵,8FB5,0107.svg
108,征,5F81,0108.svg
109,遝,905D,0109.svg
110,he,,0110.svg
111,逆,9006,0111.svg
112,遘,9058,0112.svg
113,通,901A,0113.svg
114,還,9084,0114.svg
115,遣,9063,0115.svg
116,逹,9039,0116.svg
117,追,8FFD,0117.svg
118,逐,9010,0118.svg
119,zhi,,0119.svg
120,逴,9034,0120.svg
121,yu,,0121.svg
122,進,9032,0122.svg
123,途,9014,0123.svg
124,德,5FB7,0124.svg
125,fu,,0125.svg
126,往,5F80,0126.svg
127,彶,5F76,0127.svg
128,feng,,0128.svg
129,避,907F,0129.svg
130,得,5F97,0130.svg
131,律,5F8B,0131.svg
132,御,5FA1,0132.svg
133,chan,,0133.svg
134,行,884C,0134.svg
135,衞,885E,0135.svg
136,chi,,0136.svg
137,足,8DB3,0137.svg
138,跽,8DFD,0138.svg
139,品,54C1,0139.svg
140,龠,9FA0,0140.svg
141,龢,9FA2,0141.svg
142,册,518C,0142.svg
143,嗣,55E3,0143.svg
144,xing,,0144.svg
145,嚚,569A,0145.svg
146,舌,820C,0146.svg
147,干,5E72,0147.svg
148,屰,5C70,0148.svg
149,tian,,0149.svg
150,冏,518F,0150.svg
151,商,5546,0151.svg
152,句,53E5,0152.svg
153,丩,4E29,0153.svg
154,古,53E4,0154.svg
155,十,5341,0155.svg
156,千,5343,0156.svg
157,廿,5EFF,0157.svg
158,卅,5345,0158.svg
159,言,8A00,0159.svg
160,誨,8AA8,0160.svg
161,訊,8A0A,0161.svg
162,呼,547C,0162.svg
163,誖,8A96,0163.svg
164,jing,,0164.svg
165,竟,7ADF,0165.svg
166,qian,,0166.svg
167,妾,59BE,0167.svg
168,對,5C0D,0168.svg
169,僕,50D5,0169.svg
170,共,5171,0170.svg
171,丞,4E1E,0171.svg
172,畀,7540,0172.svg
173,弄,5F04,0173.svg
174,kui,,0174.svg
175,戒,6212,0175.svg
176,兵,5175,0176.svg
177,龏,9F8F,0177.svg
178,具,5177,0178.svg
179,異,7570,0179.svg
180,興,8208,0180.svg
181,要,8981,0181.svg
182,chen,,0182.svg
183,農,8FB2,0183.svg
184,鬲,9B32,0184.svg
185,鬳,9B33,0185.svg
186,餗,9917,0186.svg
187,爪,722A,0187.svg
188,孚,5B5A,0188.svg
189,爲,7232,0189.svg
190,丮,4E2E,0190.svg
191,蓺,84FA,0191.svg
192,shu,,0192.svg
193,zai,,0193.svg
194,hua,,0194.svg
195,鬥,9B25,0195.svg
196,又,53C8,0196.svg
197,zhao,,0197.svg
198,父,7236,0198.svg
199,叜,53DC,0199.svg
200,燮,71EE,0200.svg
201,尹,5C39,0201.svg
202,cuo,,0202.svg
203,li,,0203.svg
204,及,53CA,0204.svg
205,秉,79C9,0205.svg
206,反,53CD,0206.svg
207,fu,,0207.svg
208,sui,,0208.svg
209,叔,53D4,0209.svg
210,取,53D6,0210.svg
211,彗,5F57,0211.svg
212,友,53CB,0212.svg
213,左,5DE6,0213.svg
214,史,53F2,0214.svg
215,事,4E8B,0215.svg
216,yi,,0216.svg
217,li,,0217.svg
218,臤,81E4,0218.svg
219,臣,81E3,0219.svg
220,臧,81E7,0220.svg
221,殳,6BB3,0221.svg
222,qiao,,0222.svg
223,tou,,0223.svg
224,gui,,0224.svg
225,伇,4F07,0225.svg
226,殺,6BBA,0226.svg
227,尋,5C0B,0227.svg
228,專,5C08,0228.svg
229,尃,5C03,0229.svg
230,攴,6534,0230.svg
231,啓,5553,0231.svg
232,che,,0232.svg
233,敏,654F,0233.svg
234,效,6548,0234.svg
235,政,653F,0235.svg
236,shi,,0236.svg
237,更,66F4,0237.svg
238,攸,6538,0238.svg
239,敉,6549,0239.svg
240,yang,,0240.svg
241,敗,6557,0241.svg
242,攻,653B,0242.svg
243,xi,,0243.svg
244,畋,754B,0244.svg
245,gai,,0245.svg
246,叙,53D9,0246.svg
247,牧,7267,0247.svg
248,教,6559,0248.svg
249,學,5B78,0249.svg
250,卜,535C,0250.svg
251,貞,8C9E,0251.svg
252,占,5360,0252.svg
253,用,7528,0253.svg
254,甫,752B,0254.svg
255,bei,,0255.svg
256,爻,723B,0256.svg
257,爽,723D,0257.svg
258,xu,,0258.svg
259,目,76EE,0259.svg
260,ta,,0260.svg
261,相,76F8,0261.svg
262,省,7701,0262.svg
263,die,,0263.svg
264,yin,,0264.svg
265,眉,7709,0265.svg
266,自,81EA,0266.svg
267,魯,9B6F,0267.svg
268,zhi,,0268.svg
269,百,767E,0269.svg
270,習,7FD2,0270.svg
271,羽,7FBD,0271.svg
272,翊,7FCA,0272.svg
273,隹,96B9,0273.svg
274,隻,96BB,0274.svg
275,雀,96C0,0275.svg
276,雉,96C9,0276.svg
277,雞,96DE,0277.svg
278,chu,,0278.svg
279,離,96E2,0279.svg
280,雝,96DD,0280.svg
281,雇,96C7,0281.svg
282,hong,,0282.svg
283,萑,8411,0283.svg
284,雚,96DA,0284.svg
285,舊,820A,0285.svg
286,蔑,8511,0286.svg
287,羊,7F8A,0287.svg
288,芈,8288,0288.svg
289,羔,7F94,0289.svg
290,美,7F8E,0290.svg
291,羌,7F8C,0291.svg
292,羴,7FB4,0292.svg
293,霍,970D,0293.svg
294,雥,96E5,0294.svg
295,集,96C6,0295.svg
296,鳥,9CE5,0296.svg
297,鳯,9CEF,0297.svg
298,鶾,9DBE,0298.svg
299,鳴,9CF4,0299.svg
300,棄,68C4,0300.svg
301,冓,5193,0301.svg
302,再,518D,0302.svg
303,爯,722F,0303.svg
304,幼,5E7C,0304.svg
305,you,,0305.svg
306,幽,5E7D,0306.svg
307,zhuan,,0307.svg
308,疐,7590,0308.svg
309,爰,7230,0309.svg
310,受,53D7,0310.svg
311,nie,,0311.svg
312,死,6B7B,0312.svg
313,冎,518E,0313.svg
314,gua,,0314.svg
315,骨,9AA8,0315.svg
316,肉,8089,0316.svg
317,膏,818F,0317.svg
318,腹,8179,0318.svg
319,胾,80FE,0319.svg
320,刀,5200,0320.svg
321,利,5229,0321.svg
322,初,521D,0322.svg
323,剛,525B,0323.svg
324,副,526F,0324.svg
325,删,5220,0325.svg
326,剥,5265,0326.svg
327,刖,5216,0327.svg
328,刜,521C,0328.svg
329,qie,,0329.svg
330,yi,,0330.svg
331,刃,5203,0331.svg
332,jie,,0332.svg
333,耤,8024,0333.svg
334,角,89D2,0334.svg
335,解,89E3,0335.svg
336,竹,7AF9,0336.svg
337,箙,7B99,0337.svg
338,箕,7B95,0338.svg
339,典,5178,0339.svg
340,奠,5960,0340.svg
341,工,5DE5,0341.svg
342,巫,5DEB,0342.svg
343,甘,7518,0343.svg
344,曰,66F0,0344.svg
345,che,,0345.svg
346,cao,,0346.svg
347,乃,4E43,0347.svg
348,lu,,0348.svg
349,丂,4E02,0349.svg
350,ping,,0350.svg
351,ning,,0351.svg
352,可,53EF,0352.svg
353,兮,516E,0353.svg
354,乎,4E4E,0354.svg
355,亏,4E8F,0355.svg
356,粤,7CA4,0356.svg
357,旨,65E8,0357.svg
358,喜,559C,0358.svg
359,壴,58F4,0359.svg
360,彭,5F6D,0360.svg
361,鼓,9F13,0361.svg
362,豆,8C46,0362.svg
363,juan,,0363.svg
364,deng,,0364.svg
365,豐,8C50,0365.svg
366,虍,864D,0366.svg
367,虘,8658,0367.svg
368,虎,864E,0368.svg
369,虤,8664,0369.svg
370,皿,76BF,0370.svg
371,盂,76C2,0371.svg
372,盛,76DB,0372.svg
373,盧,76E7,0373.svg
374,益,76CA,0374.svg
375,盡,76E1,0375.svg
376,盥,76E5,0376.svg
377,去,53BB,0377.svg
378,血,8840,0378.svg
379,ting,,0379.svg
380,xu,,0380.svg
381,主,4E3B,0381.svg
382,丹,4E39,0382.svg
383,青,9752,0383.svg
384,井,4E95,0384.svg
385,bi,,0385.svg
386,即,5373,0386.svg
387,既,65E2,0387.svg
388,shi,,0388.svg
389,chang,,0389.svg
390,爵,7235,0390.svg
391,食,98DF,0391.svg
392,yong,,0392.svg
393,養,990A,0393.svg
394,xiang,,0394.svg
395,合,5408,0395.svg
396,今,4ECA,0396.svg
397,會,6703,0397.svg
398,倉,5009,0398.svg
399,入,5165,0399.svg
400,内,5185,0400.svg
401,缶,7F36,0401.svg
402,矢,77E2,0402.svg
403,she,,0403.svg
404,侯,4FAF,0404.svg
405,高,9AD8,0405.svg
406,bo,,0406.svg
407,央,592E,0407.svg
408,guo,,0408.svg
409,京,4EAC,0409.svg
410,xiang,,0410.svg
411,chun,,0411.svg
412,hou,,0412.svg
413,bi,,0413.svg
414,良,826F,0414.svg
415,lin,,0415.svg
416,bi,,0416.svg
417,se,,0417.svg
418,來,4F86,0418.svg
419,麥,9EA5,0419.svg
420,夊,590A,0420.svg
421,复,590D,0421.svg
422,夒,5912,0422.svg
423,夔,5914,0423.svg
424,舞,821E,0424.svg
425,韋,97CB,0425.svg
426,弟,5F1F,0426.svg
427,乘,4E58,0427.svg
428,木,6728,0428.svg
429,杏,674F,0429.svg
430,杜,675C,0430.svg
431,柳,67F3,0431.svg
432,杞,675E,0432.svg
433,柏,67CF,0433.svg
434,樹,6A39,0434.svg
435,朱,6731,0435.svg
436,條,689D,0436.svg
437,枚,679A,0437.svg
438,格,683C,0438.svg
439,槀,69C0,0439.svg
440,杲,6772,0440.svg
441,杳,6773,0441.svg
442,杗,6757,0442.svg
443,栅,6805,0443.svg
444,jie,,0444.svg
445,mu,,0445.svg
446,槃,69C3,0446.svg
447,柄,67C4,0447.svg
448,棊,68CA,0448.svg
449,臬,81EC,0449.svg
450,樂,6A02,0450.svg
451,采,91C7,0451.svg
452,析,6790,0452.svg
453,xe,,0453.svg
454,休,4F11,0454.svg
455,si,,0455.svg
456,東,6771,0456.svg
457,cao,,0457.svg
458,林,6797,0458.svg
459,楚,695A,0459.svg
460,麓,9E93,0460.svg
461,森,68EE,0461.svg
462,才,624D,0462.svg
463,桑,6851,0463.svg
464,之,4E4B,0464.svg
465,wang,,0465.svg
466,币,5E01,0466.svg
467,shi,,0467.svg
468,出,51FA,0468.svg
469,索,7D22,0469.svg
470,南,5357,0470.svg
471,生,751F,0471.svg
472,丰,4E30,0472.svg
473,束,675F,0473.svg
474,剌,524C,0474.svg
475,囿,56FF,0475.svg
476,因,56E0,0476.svg
477,囚,56DA,0477.svg
478,困,56F0,0478.svg
479,圂,5702,0479.svg
480,員,54E1,0480.svg
481,貝,8C9D,0481.svg
482,te,,0482.svg
483,貯,8CAF,0483.svg
484,賓,8CD3,0484.svg
485,賖,8CD6,0485.svg
486,責,8CAC,0486.svg
487,賞,8CDE,0487.svg
488,買,8CB7,0488.svg
489,朋,670B,0489.svg
490,邑,9091,0490.svg
491,邦,90A6,0491.svg
492,鄙,9119,0492.svg
493,xiang,,0493.svg
494,xiang,,0494.svg
495,日,65E5,0495.svg
496,時,6642,0496.svg
497,晉,6649,0497.svg
498,晵,6675,0498.svg
499,昃,6603,0499.svg
500,昏,660F,0500.svg
501,晦,6666,0501.svg
502,昱,6631,0502.svg
503,昔,6614,0503.svg
504,昕,6615,0504.svg
505,暈,6688,0505.svg
506,旦,65E6,0506.svg
507,yan,,0507.svg
508,游,6E38,0508.svg
509,旋,65CB,0509.svg
510,旅,65C5,0510.svg
511,族,65CF,0511.svg
512,冥,51A5,0512.svg
513,晶,6676,0513.svg
514,星,661F,0514.svg
515,月,6708,0515.svg
516,有,6709,0516.svg
517,龓,9F93,0517.svg
518,明,660E,0518.svg
519,囧,56E7,0519.svg
520,meng,,0520.svg
521,夗,5917,0521.svg
522,外,5916,0522.svg
523,su,,0523.svg
524,多,591A,0524.svg
525,毌,6BCC,0525.svg
526,函,51FD,0526.svg
527,tiao,,0527.svg
528,li,,0528.svg
529,粟,7C9F,0529.svg
530,齊,9F4A,0530.svg
531,朿,673F,0531.svg
532,片,7247,0532.svg
533,鼎,9F0E,0533.svg
534,克,514B,0534.svg
535,录,5F55,0535.svg
536,禾,79BE,0536.svg
537,秫,79EB,0537.svg
538,sui,,0538.svg
539,穫,7A6B,0539.svg
540,穅,7A45,0540.svg
541,年,5E74,0541.svg
542,秦,79E6,0542.svg
543,秝,79DD,0543.svg
544,黍,9ECD,0544.svg
545,米,7C73,0545.svg
546,舂,8202,0546.svg
547,臽,81FD,0547.svg
548,耑,8011,0548.svg
549,宀,5B80,0549.svg
550,家,5BB6,0550.svg
551,宅,5B85,0551.svg
552,室,5BA4,0552.svg
553,宣,5BA3,0553.svg
554,向,5411,0554.svg
555,寍,5BCD,0555.svg
556,定,5B9A,0556.svg
557,安,5B89,0557.svg
558,寳,5BF3,0558.svg
559,宰,5BB0,0559.svg
560,宜,5B9C,0560.svg
561,宿,5BBF,0561.svg
562,寝,5BDD,0562.svg
563,宕,5B95,0563.svg
564,宋,5B8B,0564.svg
565,dan,,0565.svg
566,宗,5B97,0566.svg
567,宙,5B99,0567.svg
568,宫,5BAB,0568.svg
569,吕,5415,0569.svg
570,寮,5BEE,0570.svg
571,突,7A81,0571.svg
572,夢,5922,0572.svg
573,寐,5BD0,0573.svg
574,疒,7592,0574.svg
575,疾,75BE,0575.svg
576,同,540C,0576.svg
577,qiao,,0577.svg
578,罔,7F54,0578.svg
579,羅,7F85,0579.svg
580,巾,5DFE,0580.svg
581,帚,5E1A,0581.svg
582,帛,5E1B,0582.svg
583,白,767D,0583.svg
584,敝,655D,0584.svg
585,人,4EBA,0585.svg
586,保,4FDD,0586.svg
587,仁,4EC1,0587.svg
588,企,4F01,0588.svg
589,伯,4F2F,0589.svg
590,伊,4F0A,0590.svg
591,侚,4F9A,0591.svg
592,倞,501E,0592.svg
593,倗,5017,0593.svg
594,何,4F55,0594.svg
595,儐,5110,0595.svg
596,依,4F9D,0596.svg
597,侸,4FB8,0597.svg
598,偁,5041,0598.svg
599,wei,,0599.svg
600,作,4F5C,0600.svg
601,侵,4FB5,0601.svg
602,任,4EFB,0602.svg
603,俔,4FD4,0603.svg
604,使,4F7F,0604.svg
605,傳,50B3,0605.svg
606,仔,4ED4,0606.svg
607,侮,4FAE,0607.svg
608,伐,4F10,0608.svg
609,俘,4FD8,0609.svg
610,咎,548E,0610.svg
611,但,4F46,0611.svg
612,弔,5F14,0612.svg
613,yi,,0613.svg
614,化,5316,0614.svg
615,匕,5315,0615.svg
616,从,4ECE,0616.svg
617,從,5F9E,0617.svg
618,并,5E76,0618.svg
619,比,6BD4,0619.svg
620,北,5317,0620.svg
621,丘,4E18,0621.svg
622,yin,,0622.svg
623,衆,8846,0623.svg
624,壬,58EC,0624.svg
625,朢,6722,0625.svg
626,監,76E3,0626.svg
627,衣,8863,0627.svg
628,卒,5352,0628.svg
629,裘,88D8,0629.svg
630,老,8001,0630.svg
631,耋,800B,0631.svg
632,考,8003,0632.svg
633,孝,5B5D,0633.svg
634,尸,5C38,0634.svg
635,尾,5C3E,0635.svg
636,舟,821F,0636.svg
637,chen,,0637.svg
638,朕,6715,0638.svg
639,般,822C,0639.svg
640,服,670D,0640.svg
641,方,65B9,0641.svg
642,兀,5140,0642.svg
643,兒,5152,0643.svg
644,允,5141,0644.svg
645,兑,5151,0645.svg
646,兄,5144,0646.svg
647,竸,7AF8,0647.svg
648,先,5148,0648.svg
649,見,898B,0649.svg
650,視,8996,0650.svg
651,觀,89C0,0651.svg
652,欠,6B20,0652.svg
653,次,6B21,0653.svg
654,yin,,0654.svg
655,huo,,0655.svg
656,頁,9801,0656.svg
657,面,9762,0657.svg
658,首,9996,0658.svg
659,彡,5F61,0659.svg
660,文,6587,0660.svg
661,后,540E,0661.svg
662,司,53F8,0662.svg
663,卩,5369,0663.svg
664,令,4EE4,0664.svg
665,zhuan,,0665.svg
666,印,5370,0666.svg
667,卯,536F,0667.svg
668,卿,537F,0668.svg
669,辟,8F9F,0669.svg
670,勹,52F9,0670.svg
671,旬,65EC,0671.svg
672,勽,52FD,0672.svg
673,苟,82DF,0673.svg
674,鬼,9B3C,0674.svg
675,鬽,9B3D,0675.svg
676,甶,7536,0676.svg
677,畏,754F,0677.svg
678,山,5C71,0678.svg
679,嵒,5D52,0679.svg
680,庭,5EAD,0680.svg
681,廣,5EE3,0681.svg
682,龐,9F90,0682.svg
683,厂,5382,0683.svg
684,石,77F3,0684.svg
685,磬,78EC,0685.svg
686,長,9577,0686.svg
687,勿,52FF,0687.svg
688,昜,661C,0688.svg
689,冄,5184,0689.svg
690,而,800C,0690.svg
691,豕,8C55,0691.svg
692,豰,8C70,0692.svg
693,豭,8C6D,0693.svg
694,豢,8C62,0694.svg
695,豩,8C69,0695.svg
696,彘,5F58,0696.svg
697,豚,8C5A,0697.svg
698,豸,8C78,0698.svg
699,si,,0699.svg
700,易,6613,0700.svg
701,象,8C61,0701.svg
702,馬,99AC,0702.svg
703,驪,9A6A,0703.svg
704,駁,99C1,0704.svg
705,騽,9A3D,0705.svg
706,驅,9A45,0706.svg
707,馽,99BD,0707.svg
708,xiang,,0708.svg
709,廌,5ECC,0709.svg
710,鹿,9E7F,0710.svg
711,麟,9E9F,0711.svg
712,麐,9E90,0712.svg
713,麋,9E8B,0713.svg
714,麇,9E87,0714.svg
715,麑,9E91,0715.svg
716,麀,9E80,0716.svg
717,麤,9EA4,0717.svg
718,兔,5154,0718.svg
719,逸,9038,0719.svg
720,犬,72AC,0720.svg
721,尨,5C28,0721.svg
722,yin,,0722.svg
723,狩,72E9,0723.svg
724,臭,81ED,0724.svg
725,獲,7372,0725.svg
726,獻,737B,0726.svg
727,狂,72C2,0727.svg
728,狄,72C4,0728.svg
729,猶,7336,0729.svg
730,狼,72FC,0730.svg
731,狽,72FD,0731.svg
732,火,706B,0732.svg
733,尞,5C1E,0733.svg
734,焛,711B,0734.svg
735,烄,70C4,0735.svg
736,熹,71B9,0736.svg
737,en,,0737.svg
738,秋,79CB,0738.svg
739,jin,,0739.svg
740,焚,711A,0740.svg
741,烖,70D6,0741.svg
742,光,5149,0742.svg
743,烕,70D5,0743.svg
744,炎,708E,0744.svg
745,焱,7131,0745.svg
746,赤,8D64,0746.svg
747,大,5927,0747.svg
748,夾,593E,0748.svg
749,夸,5938,0749.svg
750,夷,5937,0750.svg
751,亦,4EA6,0751.svg
752,夨,5928,0752.svg
753,呉,5449,0753.svg
754,夭,592D,0754.svg
755,交,4EA4,0755.svg
756,壺,58FA,0756.svg
757,幸,5E78,0757.svg
758,執,57F7,0758.svg
759,圉,5709,0759.svg
760,報,5831,0760.svg
761,亢,4EA2,0761.svg
762,xu,,0762.svg
763,ju,,0763.svg
764,奚,595A,0764.svg
765,夫,592B,0765.svg
766,ban,,0766.svg
767,立,7ACB,0767.svg
768,竝,7ADD,0768.svg
769,心,5FC3,0769.svg
770,慶,6176,0770.svg
771,悔,6094,0771.svg
772,水,6C34,0772.svg
773,河,6CB3,0773.svg
774,沮,6CAE,0774.svg
775,涂,6D82,0775.svg
776,洛,6D1B,0776.svg
777,汝,6C5D,0777.svg
778,油,6CB9,0778.svg
779,淮,6DEE,0779.svg
780,洧,6D27,0780.svg
781,濼,6FFC,0781.svg
782,洹,6D39,0782.svg
783,沉,6C89,0783.svg
784,寖,5BD6,0784.svg
785,浿,6D7F,0785.svg
786,洚,6D1A,0786.svg
787,衍,884D,0787.svg
788,演,6F14,0788.svg
789,況,6CC1,0789.svg
790,沖,6C96,0790.svg
791,灂,7042,0791.svg
792,淵,6DF5,0792.svg
793,滋,6ECB,0793.svg
794,沚,6C9A,0794.svg
795,派,6D3E,0795.svg
796,汜,6C5C,0796.svg
797,湀,6E40,0797.svg
798,濘,6FD8,0798.svg
799,潢,6F62,0799.svg
800,湄,6E44,0800.svg
801,汓,6C53,0801.svg
802,砅,7805,0802.svg
803,ni,,0803.svg
804,潦,6F66,0804.svg
805,濩,6FE9,0805.svg
806,涿,6DBF,0806.svg
807,沈,6C88,0807.svg
808,涵,6DB5,0808.svg
809,溼,6EBC,0809.svg
810,洎,6D0E,0810.svg
811,汰,6C70,0811.svg
812,淡,6DE1,0812.svg
813,洒,6D12,0813.svg
814,沐,6C90,0814.svg
815,沫,6CAB,0815.svg
816,濤,6FE4,0816.svg
817,沝,6C9D,0817.svg
818,涉,6D89,0818.svg
819,川,5DDD,0819.svg
820,lie,,0820.svg
821,邕,9095,0821.svg
822,zai,,0822.svg
823,州,5DDE,0823.svg
824,泉,6CC9,0824.svg
825,永,6C38,0825.svg
826,谷,8C37,0826.svg
827,冰,51B0,0827.svg
828,冬,51AC,0828.svg
829,雨,96E8,0829.svg
830,雷,96F7,0830.svg
831,霝,971D,0831.svg
832,luo,,0832.svg
833,霖,9716,0833.svg
834,霽,973D,0834.svg
835,qi,,0835.svg
836,霾,973E,0836.svg
837,雩,96E9,0837.svg
838,雩,96E9,0838.svg
839,雲,96F2,0839.svg
840,魚,9B5A,0840.svg
841,漁,6F01,0841.svg
842,燕,71D5,0842.svg
843,龍,9F8D,0843.svg
844,jian,,0844.svg
845,不,4E0D,0845.svg
846,至,81F3,0846.svg
847,西,897F,0847.svg
848,户,6237,0848.svg
849,門,9580,0849.svg
850,耳,8033,0850.svg
851,聖,8056,0851.svg
852,聽,807D,0852.svg
853,聲,8072,0853.svg
854,聞,805E,0854.svg
855,聾,807E,0855.svg
856,聑,8051,0856.svg
857,排,6392,0857.svg
858,扶,6276,0858.svg
859,摯,646F,0859.svg
860,搏,640F,0860.svg
861,撣,64A3,0861.svg
862,掔,6394,0862.svg
863,扔,6254,0863.svg
864,拕,62D5,0864.svg
865,掤,63A4,0865.svg
866,扜,625C,0866.svg
867,女,5973,0867.svg
868,姓,59D3,0868.svg
869,姜,59DC,0869.svg
870,姬,59EC,0870.svg
871,娶,5A36,0871.svg
872,婦,5A66,0872.svg
873,妃,5983,0873.svg
874,妊,598A,0874.svg
875,母,6BCD,0875.svg
876,妣,59A3,0876.svg
877,妹,59B9,0877.svg
878,zhi,,0878.svg
879,chi,,0879.svg
880,xi,,0880.svg
881,婢,5A62,0881.svg
882,song,,0882.svg
883,娥,5A25,0883.svg
884,妸,59B8,0884.svg
885,yi,,0885.svg
886,媚,5A9A,0886.svg
887,好,597D,0887.svg
888,ran,,0888.svg
889,委,59D4,0889.svg
890,妌,598C,0890.svg
891,如,5982,0891.svg
892,娕,5A15,0892.svg
893,bin,,0893.svg
894,yan,,0894.svg
895,姷,59F7,0895.svg
896,嬰,5B30,0896.svg
897,妝,599D,0897.svg
898,xie,,0898.svg
899,婪,5A6A,0899.svg
900,媿,5ABF,0900.svg
901,nan,,0901.svg
902,妥,59A5,0902.svg
903,民,6C11,0903.svg
904,乂,4E42,0904.svg
905,弗,5F17,0905.svg
906,氏,6C0F,0906.svg
907,氒,6C12,0907.svg
908,戈,6208,0908.svg
909,肇,8087,0909.svg
910,戎,620E,0910.svg
911,戣,6223,0911.svg
912,gan,,0912.svg
913,戍,620D,0913.svg
914,或,6216,0914.svg
915,zang,,0915.svg
916,zai,,0916.svg
917,jian,,0917.svg
918,武,6B66,0918.svg
919,戠,6220,0919.svg
920,戔,6214,0920.svg
921,戉,6209,0921.svg
922,我,6211,0922.svg
923,義,7FA9,0923.svg
924,直,76F4,0924.svg
925,亡,4EA1,0925.svg
926,zuu,,0926.svg
927,xiong,,0927.svg
928,區,5340,0928.svg
929,医,533B,0929.svg
930,匚,531A,0930.svg
931,匡,5321,0931.svg
932,yu,,0932.svg
933,甾,753E,0933.svg
934,弓,5F13,0934.svg
935,彊,5F4A,0935.svg
936,弘,5F18,0936.svg
937,彈,5F48,0937.svg
938,qiang,,0938.svg
939,系,7CFB,0939.svg
940,孫,5B6B,0940.svg
941,糸,7CF8,0941.svg
942,絕,7D55,0942.svg
943,xu,,0943.svg
944,紹,7D39,0944.svg
945,紊,7D0A,0945.svg
946,終,7D42,0946.svg
947,緑,7DD1,0947.svg
948,紟,7D1F,0948.svg
949,編,7DE8,0949.svg
950,纣,7EA3,0950.svg
951,綏,7D8F,0951.svg
952,彝,5F5D,0952.svg
953,絲,7D72,0953.svg
954,率,7387,0954.svg
955,虫,866B,0955.svg
956,蜀,8700,0956.svg
957,虹,8679,0957.svg
958,kun,,0958.svg
959,蠱,8831,0959.svg
960,風,98A8,0960.svg
961,它,5B83,0961.svg
962,嶲,5DB2,0962.svg
963,黽,9EFD,0963.svg
964,鼍,9F0D,0964.svg
965,二,4E8C,0965.svg
966,亟,4E9F,0966.svg
967,恒,6052,0967.svg
968,亘,4E98,0968.svg
969,凡,51E1,0969.svg
970,土,571F,0970.svg
971,基,57FA,0971.svg
972,在,5728,0972.svg
973,封,5C01,0973.svg
974,圣,5723,0974.svg
975,yao,,0975.svg
976,qin,,0976.svg
977,艱,8271,0977.svg
978,野,91CE,0978.svg
979,田,7530,0979.svg
980,疇,7587,0980.svg
981,畯,756F,0981.svg
982,畕,7555,0982.svg
983,疆,7586,0983.svg
984,黄,9EC4,0984.svg
985,男,7537,0985.svg
986,力,529B,0986.svg
987,劦,52A6,0987.svg
988,錫,932B,0988.svg
989,鑄,9444,0989.svg
990,镬,956C,0990.svg
991,锾,953E,0991.svg
992,且,4E14,0992.svg
993,俎,4FCE,0993.svg
994,斤,65A4,0994.svg
995,斧,65A7,0995.svg
996,斫,65AB,0996.svg
997,新,65B0,0997.svg
998,斝,659D,0998.svg
999,升,5347,0999.svg
1000,車,8ECA,1000.svg
1001,輿,8F3F,1001.svg
1002,dui,,1002.svg
1003,官,5B98,1003.svg
1004,fu,,1004.svg
1005,陵,9675,1005.svg
1006,陽,967D,1006.svg
1007,陮,966E,1007.svg
1008,陟,965F,1008.svg
1009,隊,968A,1009.svg
1010,降,964D,1010.svg
1011,qian,,1011.svg
1012,陴,9674,1012.svg
1013,四,56DB,1013.svg
1014,宁,5B81,1014.svg
1015,亞,4E9E,1015.svg
1016,五,4E94,1016.svg
1017,六,516D,1017.svg
1018,七,4E03,1018.svg
1019,九,4E5D,1019.svg
1020,禽,79BD,1020.svg
1021,萬,842C,1021.svg
1022,獸,7378,1022.svg
1023,甲,7532,1023.svg
1024,乙,4E59,1024.svg
1025,尤,5C24,1025.svg
1026,丙,4E19,1026.svg
1027,丁,4E01,1027.svg
1028,戊,620A,1028.svg
1029,成,6210,1029.svg
1030,己,5DF1,1030.svg
1031,qi,,1031.svg
1032,庚,5E9A,1032.svg
1033,辛,8F9B,1033.svg
1034,e,,1034.svg
1035,壬,58EC,1035.svg
1036,癸,7678,1036.svg
1037,子,5B50,1037.svg
1038,孕,5B55,1038.svg
1039,季,5B63,1039.svg
1040,育,80B2,1040.svg
1041,丑,4E11,1041.svg
1042,羞,7F9E,1042.svg
1043,寅,5BC5,1043.svg
1044,卯,536F,1044.svg
1045,辰,8FB0,1045.svg
1046,巳,5DF3,1046.svg
1047,yi,,1047.svg
1048,午,5348,1048.svg
1049,未,672A,1049.svg
1050,申,7533,1050.svg
1051,酉,9149,1051.svg
1052,酒,9152,1052.svg
1053,配,914D,1053.svg
1054,尊,5C0A,1054.svg
1055,戌,620C,1055.svg
1056,亥,4EA5,1056.svg
1057,莽,83BD,1057.svg
1058,hai,,1058.svg
1059,zao,,1059.svg
1060,cheng,,1060.svg
1061,唬,552C,1061.svg
1062,走,8D70,1062.svg
1063,ji,,1063.svg
1064,徒,5F92,1064.svg
1065,徙,5F99,1065.svg
1066,後,5F8C,1066.svg
1067,di,,1067.svg
1068,遠,9060,1068.svg
1069,疋,758B,1069.svg
1070,huan,,1070.svg
1071,訢,8A22,1071.svg
1072,xun,,1072.svg
1073,童,7AE5,1073.svg
1074,晝,665D,1074.svg
1075,卑,5351,1075.svg
1076,將,5C07,1076.svg
1077,庸,5EB8,1077.svg
1078,dan,,1078.svg
1079,督,7763,1079.svg
1080,yuan,,1080.svg
1081,鼻,9F3B,1081.svg
1082,翟,7FDF,1082.svg
1083,huan,,1083.svg
1084,yuan,,1084.svg
1085,爭,722D,1085.svg
1086,胄,80C4,1086.svg
1087,hua,,1087.svg
1088,lei,,1088.svg
1089,sui,,1089.svg
1090,zu,,1090.svg
1091,hu,,1091.svg
1092,其,5176,1092.svg
1093,佐,4F50,1093.svg
1094,廼,5EFC,1094.svg
1095,沓,6C93,1095.svg
1096,虐,8650,1096.svg
1097,yu,,1097.svg
1098,lie,,1098.svg
1099,ji,,1099.svg
1100,si,,1100.svg
1101,can,,1101.svg
1102,夌,590C,1102.svg
1103,kun,,1103.svg
1104,夆,5906,1104.svg
1105,李,674E,1105.svg
1106,櫟,6ADF,1106.svg
1107,條,689D,1107.svg
1108,di,,1108.svg
1109,罍,7F4D,1109.svg
1110,椎,690E,1110.svg
1111,校,6821,1111.svg
1112,鬱,9B31,1112.svg
1113,tuo,,1113.svg
1114,漅,6F05,1114.svg
1115,nie,,1115.svg
1116,霸,9738,1116.svg
1117,qi,,1117.svg
1118,卣,5363,1118.svg
1119,穆,7A46,1119.svg
1120,ji,,1120.svg
1121,tan,,1121.svg
1122,兇,5147,1122.svg
1123,宇,5B87,1123.svg
1124,宛,5B9B,1124.svg
1125,gou,,1125.svg
1126,xi,,1126.svg
1127,gang,,1127.svg
1128,僤,50E4,1128.svg
1129,免,514D,1129.svg
1130,xi,,1130.svg
1131,量,91CF,1131.svg
1132,身,8EAB,1132.svg
1133,殷,6BB7,1133.svg
1134,袁,8881,1134.svg
1135,襄,8944,1135.svg
1136,ying,,1136.svg
1137,ni,,1137.svg
1138,伏,4F0F,1138.svg
1139,旡,65E1,1139.svg
1140,fan,,1140.svg
1141,須,9808,1141.svg
1142,醜,919C,1142.svg
1143,shu,,1143.svg
1144,危,5371,1144.svg
1145,e,,1145.svg
1146,驟,9A5F,1146.svg
1147,駛,99DB,1147.svg
1148,炘,7098,1148.svg
1149,xiang,,1149.svg
1150,狐,72D0,1150.svg
1151,鼠,9F20,1151.svg
1152,蒸,84B8,1152.svg
1153,烈,70C8,1153.svg
1154,黑,9ED1,1154.svg
1155,粦,7CA6,1155.svg
1156,奏,594F,1156.svg
1157,惟,60DF,1157.svg
1158,懋,61CB,1158.svg
1159,熊,718A,1159.svg
1160,胶,80F6,1160.svg
1161,湌,6E4C,1161.svg
1162,泊,6CCA,1162.svg
1163,pei,,1163.svg
1164,nie,,1164.svg
1165,cuo,,1165.svg
1166,yu,,1166.svg
1167,凍,51CD,1167.svg
1168,震,9707,1168.svg
1169,ta,,1169.svg
1170,沁,6C81,1170.svg
1171,乳,4E73,1171.svg
1172,聯,806F,1172.svg
1173,馘,9998,1173.svg
1174,zhen,,1174.svg
1175,婐,5A50,1175.svg
1176,娅,5A05,1176.svg
1177,娘,5A18,1177.svg
1178,嬉,5B09,1178.svg
1179,yu,,1179.svg
1180,jia,,1180.svg
1181,dong,,1181.svg
1182,zou,,1182.svg
1183,弋,5F0B,1183.svg
1184,戚,621A,1184.svg
1185,guo,,1185.svg
1186,曲,66F2,1186.svg
1187,洱,6D31,1187.svg
1188,jue,,1188.svg
1189,pei,,1189.svg
1190,luo,,1190.svg
1191,塞,585E,1191.svg
1192,由,7531,1192.svg
1193,畜,755C,1193.svg
1194,jia,,1194.svg
1195,鑿,947F,1195.svg
1196,載,8F09,1196.svg
1197,nian,,1197.svg
1198,隂,9682,1198.svg
1199,巴,5DF4,1199.svg
1200,yu,,1200.svg
1201,zun,,1201.svg
1202,ci,,1202.svg
1203,ju,,1203.svg